<?xml version="1.0" encoding="UTF-8"?>
<GMA3 DataVersion="2.3.1.1">
    <Sequence Name="Test_heute" Guid="0F AF 71 71 EA FA 4F CC A0 61 0D D6 E5 61 9D 74" Appearance="TC_Color_674113" AutoStart="Yes" AutoStop="Yes" AutoFix="No" AutoStomp="No" SoftLTP="Yes" XFadeReload="No" SwapProtect="No" KillProtect="No" UseExecutorTime="Yes" OffwhenOverridden="Yes" SequMIB="Enabled" AutoPrePos="No" WrapAround="Yes" MasterGoMode="None" SpeedfromRate="No" Tracking="Yes" IncludeLinkLastGo="Yes" RateScale="One" SpeedScale="One" PreferCueAppearance="No" ExecutorDisplayMode="Both" Action="Toggle">
        <DependencyExport Size="1">
            <Dependency RelAddr="ShowData.Appearances.TC_Color_674113">
                <Appearance Name="TC_Color_674113" Guid="42 F5 F5 F7 26 CB 4B 81 BF B8 A6 F1 8C 2B 3F F8" Color="1.0000000000,1.0000000000,1.0000000000,1.0000000000" BackR="103" BackG="65" BackB="19" BackAlpha="255"/>
            </Dependency>
        </DependencyExport>
        <Cue Name="OffCue" Release="Yes" Assert="Assert" AllowDuplicates="" TrigType="">
            <Part Guid="77 B8 21 DC A5 65 47 76 90 06 1C DA 27 16 DD 39" AlignRangeX="No" AlignRangeY="No" AlignRangeZ="No" PreserveGridPositions="No" MAgic="No" Mode="0" Action="Pool Default"/>
        </Cue>
        <Cue Name="CueZero" No="0">
            <Part Guid="C3 16 46 C8 D7 4C 4F 51 AA 33 DE 1F CF 4F BD BB" AlignRangeX="No" AlignRangeY="No" AlignRangeZ="No" PreserveGridPositions="No" MAgic="No" Mode="0" Action="Pool Default"/>
        </Cue>
        <Cue Name="ein" No="1" AllowDuplicates="">
            <Part Name="ein" Guid="0D E4 94 46 48 3F 49 0C A1 E2 6D 27 23 B2 68 9A" AlignRangeX="No" AlignRangeY="No" AlignRangeZ="No" PreserveGridPositions="No" MAgic="No" Mode="0" Action="Pool Default" Sync="" Morph="" CueInFade="2"/>
        </Cue>
        <Cue Name="zweiÃœ" No="2" AllowDuplicates="">
            <Part Name="zweiÃœ" Guid="5D 28 5D 4F CF 4E 4D 1D 9E 25 16 DC 9E A2 B2 5B" AlignRangeX="No" AlignRangeY="No" AlignRangeZ="No" PreserveGridPositions="No" MAgic="No" Mode="0" Action="Pool Default" Sync="" Morph="" CueInFade="2"/>
        </Cue>
        <Cue Name="Drei Ã„ÃœÃ–" No="3" AllowDuplicates="">
            <Part Name="Drei Ã„ÃœÃ–" Guid="27 C4 DA D7 65 74 4E D1 A1 F1 2A B0 DA D5 22 5D" AlignRangeX="No" AlignRangeY="No" AlignRangeZ="No" PreserveGridPositions="No" MAgic="No" Mode="0" Action="Pool Default" Sync="" Morph="" CueInFade="2"/>
        </Cue>
        <Cue Name="ruhe1" No="4" AllowDuplicates="">
            <Part Name="ruhe1" Guid="F6 D9 0D 6D F0 AA 46 E2 AE ED 71 EE FE A0 FD E7" AlignRangeX="No" AlignRangeY="No" AlignRangeZ="No" PreserveGridPositions="No" MAgic="No" Mode="0" Action="Pool Default" Sync="" Morph="" CueInFade="0"/>
        </Cue>
        <Cue Name="ruhe2" No="5" AllowDuplicates="">
            <Part Name="ruhe2" Guid="23 06 D2 F0 EE 46 40 42 97 60 2C EA 79 28 68 7A" AlignRangeX="No" AlignRangeY="No" AlignRangeZ="No" PreserveGridPositions="No" MAgic="No" Mode="0" Action="Pool Default" Sync="" Morph="" CueInFade="0"/>
        </Cue>
        <Cue Name="ruhe3" No="6" AllowDuplicates="">
            <Part Name="ruhe3" Guid="54 84 DF BA 19 5D 46 91 8B 3F 90 F2 92 7C 83 5D" AlignRangeX="No" AlignRangeY="No" AlignRangeZ="No" PreserveGridPositions="No" MAgic="No" Mode="0" Action="Pool Default" Sync="" Morph="" CueInFade="0"/>
        </Cue>
        <Cue Name="ruhe4" No="7" AllowDuplicates="">
            <Part Name="ruhe4" Guid="6D 76 AC 0B F1 B4 42 75 B7 13 C6 F8 30 E5 9E 0D" AlignRangeX="No" AlignRangeY="No" AlignRangeZ="No" PreserveGridPositions="No" MAgic="No" Mode="0" Action="Pool Default" Sync="" Morph="" CueInFade="0"/>
        </Cue>
        <Cue Name="Teppich1" No="8" AllowDuplicates="">
            <Part Name="Teppich1" Guid="CB DD 34 95 B8 22 4A 0C A6 3F 10 21 D9 9D 14 0E" AlignRangeX="No" AlignRangeY="No" AlignRangeZ="No" PreserveGridPositions="No" MAgic="No" Mode="0" Action="Pool Default" Sync="" Morph="" CueInFade="0"/>
        </Cue>
        <Cue Name="Teppich2" No="9" AllowDuplicates="">
            <Part Name="Teppich2" Guid="13 6E BE 5D C6 1D 48 A5 B3 37 0F C1 B4 05 41 4B" AlignRangeX="No" AlignRangeY="No" AlignRangeZ="No" PreserveGridPositions="No" MAgic="No" Mode="0" Action="Pool Default" Sync="" Morph="" CueInFade="0"/>
        </Cue>
        <Cue Name="Teppich3" No="10" AllowDuplicates="">
            <Part Name="Teppich3" Guid="A9 45 CE FF BA F0 43 BF 8F CF BD 57 7D 5D 44 07" AlignRangeX="No" AlignRangeY="No" AlignRangeZ="No" PreserveGridPositions="No" MAgic="No" Mode="0" Action="Pool Default" Sync="" Morph="" CueInFade="0"/>
        </Cue>
        <Cue Name="Teppich4" No="11" AllowDuplicates="">
            <Part Name="Teppich4" Guid="DD 45 D4 CE C3 B4 4E 05 8B C5 CF 77 BD D6 BC 96" AlignRangeX="No" AlignRangeY="No" AlignRangeZ="No" PreserveGridPositions="No" MAgic="No" Mode="0" Action="Pool Default" Sync="" Morph="" CueInFade="0"/>
        </Cue>
        <Cue Name="Teppich5" No="12" AllowDuplicates="">
            <Part Name="Teppich5" Guid="35 BF EE 0B 7A 06 43 4F B8 94 E8 80 7E 63 56 1F" AlignRangeX="No" AlignRangeY="No" AlignRangeZ="No" PreserveGridPositions="No" MAgic="No" Mode="0" Action="Pool Default" Sync="" Morph="" CueInFade="0"/>
        </Cue>
        <Cue Name="Teppich6" No="13" AllowDuplicates="">
            <Part Name="Teppich6" Guid="C2 D0 79 CE C9 56 46 1B 87 EC 9E 09 82 46 9A FF" AlignRangeX="No" AlignRangeY="No" AlignRangeZ="No" PreserveGridPositions="No" MAgic="No" Mode="0" Action="Pool Default" Sync="" Morph="" CueInFade="0"/>
        </Cue>
        <Cue Name="Teppich7" No="14" AllowDuplicates="">
            <Part Name="Teppich7" Guid="F0 C4 A9 A3 C8 0F 4E 2C BA 66 1D 99 4D C3 8C 0F" AlignRangeX="No" AlignRangeY="No" AlignRangeZ="No" PreserveGridPositions="No" MAgic="No" Mode="0" Action="Pool Default" Sync="" Morph="" CueInFade="0"/>
        </Cue>
        <Cue Name="Teppich8" No="15" AllowDuplicates="">
            <Part Name="Teppich8" Guid="12 B3 C0 24 AD 26 4D 57 BC 60 6F A5 66 79 58 C5" AlignRangeX="No" AlignRangeY="No" AlignRangeZ="No" PreserveGridPositions="No" MAgic="No" Mode="0" Action="Pool Default" Sync="" Morph="" CueInFade="0"/>
        </Cue>
        <Cue Name="Teppich9" No="16" AllowDuplicates="">
            <Part Name="Teppich9" Guid="55 EA A8 4F 9F 81 47 C2 95 3E EE 66 FB 37 56 BF" AlignRangeX="No" AlignRangeY="No" AlignRangeZ="No" PreserveGridPositions="No" MAgic="No" Mode="0" Action="Pool Default" Sync="" Morph="" CueInFade="0"/>
        </Cue>
        <Cue Name="Teppich11" No="17" AllowDuplicates="">
            <Part Name="Teppich11" Guid="31 77 54 03 CD 92 43 1C 96 35 A5 6F A1 94 AF 8B" AlignRangeX="No" AlignRangeY="No" AlignRangeZ="No" PreserveGridPositions="No" MAgic="No" Mode="0" Action="Pool Default" Sync="" Morph="" CueInFade="0"/>
        </Cue>
        <Cue Name="Teppich12" No="18" AllowDuplicates="">
            <Part Name="Teppich12" Guid="91 A1 5C FA 2D 40 42 DF A0 E1 7A 8D AD F7 AB FF" AlignRangeX="No" AlignRangeY="No" AlignRangeZ="No" PreserveGridPositions="No" MAgic="No" Mode="0" Action="Pool Default" Sync="" Morph="" CueInFade="0"/>
        </Cue>
        <Cue Name="Teppich13" No="19" AllowDuplicates="">
            <Part Name="Teppich13" Guid="35 0F 66 FC 4D 15 42 42 8E 1B A0 46 67 48 FA E5" AlignRangeX="No" AlignRangeY="No" AlignRangeZ="No" PreserveGridPositions="No" MAgic="No" Mode="0" Action="Pool Default" Sync="" Morph="" CueInFade="0"/>
        </Cue>
        <Cue Name="Teppich14" No="20" AllowDuplicates="">
            <Part Name="Teppich14" Guid="0C 0B C3 57 1B EC 4B 73 B1 41 C0 76 E4 99 2E C8" AlignRangeX="No" AlignRangeY="No" AlignRangeZ="No" PreserveGridPositions="No" MAgic="No" Mode="0" Action="Pool Default" Sync="" Morph="" CueInFade="0"/>
        </Cue>
        <Cue Name="Teppich15" No="21" AllowDuplicates="">
            <Part Name="Teppich15" Guid="D0 18 84 38 FC 20 44 D5 88 F4 57 09 B0 7A 04 0F" AlignRangeX="No" AlignRangeY="No" AlignRangeZ="No" PreserveGridPositions="No" MAgic="No" Mode="0" Action="Pool Default" Sync="" Morph="" CueInFade="0"/>
        </Cue>
        <Cue Name="Teppich16" No="22" AllowDuplicates="">
            <Part Name="Teppich16" Guid="B1 3F 81 25 56 C4 4D 70 AE 4A 88 AD 18 A1 8D DE" AlignRangeX="No" AlignRangeY="No" AlignRangeZ="No" PreserveGridPositions="No" MAgic="No" Mode="0" Action="Pool Default" Sync="" Morph="" CueInFade="0"/>
        </Cue>
        <Cue Name="buildUp1" No="23" AllowDuplicates="">
            <Part Name="buildUp1" Guid="0E 7D D9 1B DF C8 43 8F AC C3 B4 79 E6 21 4B 10" AlignRangeX="No" AlignRangeY="No" AlignRangeZ="No" PreserveGridPositions="No" MAgic="No" Mode="0" Action="Pool Default" Sync="" Morph="" CueInFade="0"/>
        </Cue>
        <Cue Name="buildUp2" No="24" AllowDuplicates="">
            <Part Name="buildUp2" Guid="FC C3 83 2B 68 8C 4A 36 AA 43 D7 31 67 E3 50 F7" AlignRangeX="No" AlignRangeY="No" AlignRangeZ="No" PreserveGridPositions="No" MAgic="No" Mode="0" Action="Pool Default" Sync="" Morph="" CueInFade="0"/>
        </Cue>
        <Cue Name="buildUp3" No="25" AllowDuplicates="">
            <Part Name="buildUp3" Guid="ED 50 A5 4F E3 A5 43 80 8A 80 90 66 C1 D8 75 26" AlignRangeX="No" AlignRangeY="No" AlignRangeZ="No" PreserveGridPositions="No" MAgic="No" Mode="0" Action="Pool Default" Sync="" Morph="" CueInFade="0"/>
        </Cue>
        <Cue Name="buildUp4" No="26" AllowDuplicates="">
            <Part Name="buildUp4" Guid="DD 3E F9 CC 82 26 4C E7 9C 03 88 D8 7F 2C F2 7A" AlignRangeX="No" AlignRangeY="No" AlignRangeZ="No" PreserveGridPositions="No" MAgic="No" Mode="0" Action="Pool Default" Sync="" Morph="" CueInFade="0"/>
        </Cue>
        <Cue Name="buildUp5" No="27" AllowDuplicates="">
            <Part Name="buildUp5" Guid="1A 27 75 5D D8 64 49 5E 8D 8D 89 2A 78 DC 79 5E" AlignRangeX="No" AlignRangeY="No" AlignRangeZ="No" PreserveGridPositions="No" MAgic="No" Mode="0" Action="Pool Default" Sync="" Morph="" CueInFade="0"/>
        </Cue>
        <Cue Name="buildUp6" No="28" AllowDuplicates="">
            <Part Name="buildUp6" Guid="54 B0 B2 D4 82 3A 47 6E 90 1C 1A D5 AA 67 67 A1" AlignRangeX="No" AlignRangeY="No" AlignRangeZ="No" PreserveGridPositions="No" MAgic="No" Mode="0" Action="Pool Default" Sync="" Morph="" CueInFade="0"/>
        </Cue>
        <Cue Name="buildUp7" No="29" AllowDuplicates="">
            <Part Name="buildUp7" Guid="14 EC 2D 5E 26 50 40 5B 92 43 2C D8 82 3A FC A0" AlignRangeX="No" AlignRangeY="No" AlignRangeZ="No" PreserveGridPositions="No" MAgic="No" Mode="0" Action="Pool Default" Sync="" Morph="" CueInFade="0"/>
        </Cue>
        <Cue Name="buildUp8" No="30" AllowDuplicates="">
            <Part Name="buildUp8" Guid="06 2F 35 AE A0 10 44 D2 B4 11 35 52 CC C5 5B 77" AlignRangeX="No" AlignRangeY="No" AlignRangeZ="No" PreserveGridPositions="No" MAgic="No" Mode="0" Action="Pool Default" Sync="" Morph="" CueInFade="0"/>
        </Cue>
        <Cue Name="buildUp9" No="31" AllowDuplicates="">
            <Part Name="buildUp9" Guid="1E B1 29 13 A8 7E 47 D6 A8 30 B0 69 F2 AA 82 A8" AlignRangeX="No" AlignRangeY="No" AlignRangeZ="No" PreserveGridPositions="No" MAgic="No" Mode="0" Action="Pool Default" Sync="" Morph="" CueInFade="0"/>
        </Cue>
        <Cue Name="buildUp21" No="32" AllowDuplicates="">
            <Part Name="buildUp21" Guid="45 DE C1 49 72 0F 4E C1 9C 06 D6 09 7F 79 72 F1" AlignRangeX="No" AlignRangeY="No" AlignRangeZ="No" PreserveGridPositions="No" MAgic="No" Mode="0" Action="Pool Default" Sync="" Morph="" CueInFade="0"/>
        </Cue>
        <Cue Name="buildU22" No="33" AllowDuplicates="">
            <Part Name="buildU22" Guid="37 92 16 26 25 F8 4E B1 B0 AA 22 F0 B9 5D 1E 3F" AlignRangeX="No" AlignRangeY="No" AlignRangeZ="No" PreserveGridPositions="No" MAgic="No" Mode="0" Action="Pool Default" Sync="" Morph="" CueInFade="0"/>
        </Cue>
        <Cue Name="buildUp23" No="34" AllowDuplicates="">
            <Part Name="buildUp23" Guid="BE 5D 2D A1 E6 BE 47 1B 9E 76 3A 60 EF D1 11 70" AlignRangeX="No" AlignRangeY="No" AlignRangeZ="No" PreserveGridPositions="No" MAgic="No" Mode="0" Action="Pool Default" Sync="" Morph="" CueInFade="0"/>
        </Cue>
        <Cue Name="buildUp24" No="35" AllowDuplicates="">
            <Part Name="buildUp24" Guid="57 6D F3 E0 7E 85 41 32 AA 6D 78 EB 5D B1 57 D6" AlignRangeX="No" AlignRangeY="No" AlignRangeZ="No" PreserveGridPositions="No" MAgic="No" Mode="0" Action="Pool Default" Sync="" Morph="" CueInFade="0"/>
        </Cue>
        <Cue Name="buildUp25" No="36" AllowDuplicates="">
            <Part Name="buildUp25" Guid="A5 02 BB 1E 7C 09 46 55 AB 26 6E 39 DA F3 49 AE" AlignRangeX="No" AlignRangeY="No" AlignRangeZ="No" PreserveGridPositions="No" MAgic="No" Mode="0" Action="Pool Default" Sync="" Morph="" CueInFade="0"/>
        </Cue>
        <Cue Name="buildUp26" No="37" AllowDuplicates="">
            <Part Name="buildUp26" Guid="FF 3B 49 14 24 6E 4F FB A1 0E 16 56 25 94 DE 98" AlignRangeX="No" AlignRangeY="No" AlignRangeZ="No" PreserveGridPositions="No" MAgic="No" Mode="0" Action="Pool Default" Sync="" Morph="" CueInFade="0"/>
        </Cue>
        <Cue Name="buildUp27" No="38" AllowDuplicates="">
            <Part Name="buildUp27" Guid="66 31 E2 4E 05 F3 4C 44 8E 37 00 5C 16 5F 78 D3" AlignRangeX="No" AlignRangeY="No" AlignRangeZ="No" PreserveGridPositions="No" MAgic="No" Mode="0" Action="Pool Default" Sync="" Morph="" CueInFade="0"/>
        </Cue>
        <Cue Name="buildUp28" No="39" AllowDuplicates="">
            <Part Name="buildUp28" Guid="7C A2 EA 88 9D CB 41 DC 9E 6C C2 F5 00 AD B2 13" AlignRangeX="No" AlignRangeY="No" AlignRangeZ="No" PreserveGridPositions="No" MAgic="No" Mode="0" Action="Pool Default" Sync="" Morph="" CueInFade="0"/>
        </Cue>
        <Cue Name="buildUp29" No="40" AllowDuplicates="">
            <Part Name="buildUp29" Guid="23 D1 75 CB 79 AB 45 75 89 27 1B 74 1D 94 8C 31" AlignRangeX="No" AlignRangeY="No" AlignRangeZ="No" PreserveGridPositions="No" MAgic="No" Mode="0" Action="Pool Default" Sync="" Morph="" CueInFade="0"/>
        </Cue>
        <Cue Name="buildUp31" No="41" AllowDuplicates="">
            <Part Name="buildUp31" Guid="0D E2 E5 41 9B F3 43 88 91 D4 C0 45 69 F3 E7 4C" AlignRangeX="No" AlignRangeY="No" AlignRangeZ="No" PreserveGridPositions="No" MAgic="No" Mode="0" Action="Pool Default" Sync="" Morph="" CueInFade="0"/>
        </Cue>
        <Cue Name="buildUp32" No="42" AllowDuplicates="">
            <Part Name="buildUp32" Guid="18 7C 9D 02 4A 20 4C A3 BD 03 89 65 44 AE BD AB" AlignRangeX="No" AlignRangeY="No" AlignRangeZ="No" PreserveGridPositions="No" MAgic="No" Mode="0" Action="Pool Default" Sync="" Morph="" CueInFade="0"/>
        </Cue>
        <Cue Name="buildUp33" No="43" AllowDuplicates="">
            <Part Name="buildUp33" Guid="50 2C DD 21 5C F2 4E 30 A9 84 4E 4E 6E B2 15 F2" AlignRangeX="No" AlignRangeY="No" AlignRangeZ="No" PreserveGridPositions="No" MAgic="No" Mode="0" Action="Pool Default" Sync="" Morph="" CueInFade="0"/>
        </Cue>
        <Cue Name="buildUp34" No="44" AllowDuplicates="">
            <Part Name="buildUp34" Guid="10 DF 27 4F 89 50 4B 16 81 FA FB 61 9F ED 8C 81" AlignRangeX="No" AlignRangeY="No" AlignRangeZ="No" PreserveGridPositions="No" MAgic="No" Mode="0" Action="Pool Default" Sync="" Morph="" CueInFade="0"/>
        </Cue>
        <Cue Name="buildUp35" No="45" AllowDuplicates="">
            <Part Name="buildUp35" Guid="F4 97 FE 45 3C 15 43 FA A8 E9 5C 2A 79 0D 2A FE" AlignRangeX="No" AlignRangeY="No" AlignRangeZ="No" PreserveGridPositions="No" MAgic="No" Mode="0" Action="Pool Default" Sync="" Morph="" CueInFade="0"/>
        </Cue>
        <Cue Name="buildUp36" No="46" AllowDuplicates="">
            <Part Name="buildUp36" Guid="94 A9 86 86 F6 77 4D EE 82 81 D8 63 F7 B8 54 8A" AlignRangeX="No" AlignRangeY="No" AlignRangeZ="No" PreserveGridPositions="No" MAgic="No" Mode="0" Action="Pool Default" Sync="" Morph="" CueInFade="0"/>
        </Cue>
        <Cue Name="drop37" No="47" AllowDuplicates="">
            <Part Name="drop37" Guid="6B 27 9A 06 F3 4B 46 86 A0 10 90 D9 20 0D 6D 38" AlignRangeX="No" AlignRangeY="No" AlignRangeZ="No" PreserveGridPositions="No" MAgic="No" Mode="0" Action="Pool Default" Sync="" Morph="" CueInFade="0"/>
        </Cue>
        <Cue Name="drop38" No="48" AllowDuplicates="">
            <Part Name="drop38" Guid="CD BF 66 70 A6 43 47 04 BC 98 4D 28 30 5C 70 88" AlignRangeX="No" AlignRangeY="No" AlignRangeZ="No" PreserveGridPositions="No" MAgic="No" Mode="0" Action="Pool Default" Sync="" Morph="" CueInFade="0"/>
        </Cue>
        <Cue Name="drop" No="49" AllowDuplicates="">
            <Part Name="drop" Guid="B6 49 8D DC 09 3C 40 8A 91 46 D2 65 2D 61 C5 D2" AlignRangeX="No" AlignRangeY="No" AlignRangeZ="No" PreserveGridPositions="No" MAgic="No" Mode="0" Action="Pool Default" Sync="" Morph="" CueInFade="0"/>
        </Cue>
        <Cue Name="drop39" No="50" AllowDuplicates="">
            <Part Name="drop39" Guid="90 42 AE 7A 7F 53 47 20 88 1E 54 B9 83 C6 AF ED" AlignRangeX="No" AlignRangeY="No" AlignRangeZ="No" PreserveGridPositions="No" MAgic="No" Mode="0" Action="Pool Default" Sync="" Morph="" CueInFade="0"/>
        </Cue>
        <Cue Name="drop41" No="51" AllowDuplicates="">
            <Part Name="drop41" Guid="F7 97 9A 05 F4 03 45 5B B5 C9 DD 0E 77 70 45 B3" AlignRangeX="No" AlignRangeY="No" AlignRangeZ="No" PreserveGridPositions="No" MAgic="No" Mode="0" Action="Pool Default" Sync="" Morph="" CueInFade="0"/>
        </Cue>
        <Cue Name="drop42" No="52" AllowDuplicates="">
            <Part Name="drop42" Guid="86 8C 87 C8 E0 33 4C 69 87 89 D3 83 C2 A3 C5 0E" AlignRangeX="No" AlignRangeY="No" AlignRangeZ="No" PreserveGridPositions="No" MAgic="No" Mode="0" Action="Pool Default" Sync="" Morph="" CueInFade="0"/>
        </Cue>
        <Cue Name="drop43" No="53" AllowDuplicates="">
            <Part Name="drop43" Guid="71 F6 2D 0F 99 93 47 A4 B2 37 56 0E 6B C6 6F DF" AlignRangeX="No" AlignRangeY="No" AlignRangeZ="No" PreserveGridPositions="No" MAgic="No" Mode="0" Action="Pool Default" Sync="" Morph="" CueInFade="0"/>
        </Cue>
        <Cue Name="drop44" No="54" AllowDuplicates="">
            <Part Name="drop44" Guid="A1 63 57 F5 84 D4 4C 07 AE 6D AA 88 8D A0 FA 11" AlignRangeX="No" AlignRangeY="No" AlignRangeZ="No" PreserveGridPositions="No" MAgic="No" Mode="0" Action="Pool Default" Sync="" Morph="" CueInFade="0"/>
        </Cue>
        <Cue Name="drop45" No="55" AllowDuplicates="">
            <Part Name="drop45" Guid="6E 6F 83 4B A2 55 4E 02 BC 40 85 27 1A 10 85 4A" AlignRangeX="No" AlignRangeY="No" AlignRangeZ="No" PreserveGridPositions="No" MAgic="No" Mode="0" Action="Pool Default" Sync="" Morph="" CueInFade="0"/>
        </Cue>
        <Cue Name="drop46" No="56" AllowDuplicates="">
            <Part Name="drop46" Guid="47 8C 31 82 4F 03 43 41 83 5A 7D E7 55 86 1E BA" AlignRangeX="No" AlignRangeY="No" AlignRangeZ="No" PreserveGridPositions="No" MAgic="No" Mode="0" Action="Pool Default" Sync="" Morph="" CueInFade="0"/>
        </Cue>
    </Sequence>
</GMA3>
