<?xml version="1.0" encoding="UTF-8"?>
<GMA3 DataVersion="2.3.1.1">
    <Sequence Name="Test_heute" Guid="D8 C0 09 7E 79 5E 49 F5 9C 5D 67 DD 5F E1 E5 14" Appearance="TC_Color_674113" AutoStart="Yes" AutoStop="Yes" AutoFix="No" AutoStomp="No" SoftLTP="Yes" XFadeReload="No" SwapProtect="No" KillProtect="No" UseExecutorTime="Yes" OffwhenOverridden="Yes" SequMIB="Enabled" AutoPrePos="No" WrapAround="Yes" MasterGoMode="None" SpeedfromRate="No" Tracking="Yes" IncludeLinkLastGo="Yes" RateScale="One" SpeedScale="One" PreferCueAppearance="No" ExecutorDisplayMode="Both" Action="Toggle">
        <DependencyExport Size="1">
            <Dependency RelAddr="ShowData.Appearances.TC_Color_674113">
                <Appearance Name="TC_Color_674113" Guid="5E 65 E2 F3 9C 34 40 8F BA E1 F1 B0 35 43 BF 28" Color="1.0000000000,1.0000000000,1.0000000000,1.0000000000" BackR="103" BackG="65" BackB="19" BackAlpha="255"/>
            </Dependency>
        </DependencyExport>
        <Cue Name="OffCue" Release="Yes" Assert="Assert" AllowDuplicates="" TrigType="">
            <Part Guid="B5 B6 D9 2B 04 63 46 86 A8 B1 07 C9 3F F1 0F D2" AlignRangeX="No" AlignRangeY="No" AlignRangeZ="No" PreserveGridPositions="No" MAgic="No" Mode="0" Action="Pool Default"/>
        </Cue>
        <Cue Name="CueZero" No="0">
            <Part Guid="5B A2 87 23 99 F8 4B 2B AE 6A 00 F4 71 00 F3 4B" AlignRangeX="No" AlignRangeY="No" AlignRangeZ="No" PreserveGridPositions="No" MAgic="No" Mode="0" Action="Pool Default"/>
        </Cue>
        <Cue Name="ein" No="1" AllowDuplicates="">
            <Part Name="ein" Guid="D2 CB 30 CE FF E6 48 49 AE 5A 7E 38 4C A8 65 15" AlignRangeX="No" AlignRangeY="No" AlignRangeZ="No" PreserveGridPositions="No" MAgic="No" Mode="0" Action="Pool Default" Sync="" Morph="" CueInFade="2"/>
        </Cue>
        <Cue Name="zweiÜ" No="2" AllowDuplicates="">
            <Part Name="zweiÜ" Guid="42 B3 E5 E1 22 23 4C 78 86 DA B6 F0 3F F9 67 50" AlignRangeX="No" AlignRangeY="No" AlignRangeZ="No" PreserveGridPositions="No" MAgic="No" Mode="0" Action="Pool Default" Sync="" Morph="" CueInFade="2"/>
        </Cue>
        <Cue Name="Drei ÄÜÖ" No="3" AllowDuplicates="">
            <Part Name="Drei ÄÜÖ" Guid="BF 91 0C 98 A5 CA 41 8B 9D CA 02 57 A7 1B 0E 72" AlignRangeX="No" AlignRangeY="No" AlignRangeZ="No" PreserveGridPositions="No" MAgic="No" Mode="0" Action="Pool Default" Sync="" Morph="" CueInFade="2"/>
        </Cue>
        <Cue Name="ruhe1" No="4" AllowDuplicates="">
            <Part Name="ruhe1" Guid="C5 21 4B A1 6C 7B 4F 2D 8D 84 F7 E4 A9 28 77 3F" AlignRangeX="No" AlignRangeY="No" AlignRangeZ="No" PreserveGridPositions="No" MAgic="No" Mode="0" Action="Pool Default" Sync="" Morph="" CueInFade="0"/>
        </Cue>
        <Cue Name="ruhe2" No="5" AllowDuplicates="">
            <Part Name="ruhe2" Guid="E7 B6 7D DD 96 AA 46 3F A5 4D 4D D5 52 6E 4F 75" AlignRangeX="No" AlignRangeY="No" AlignRangeZ="No" PreserveGridPositions="No" MAgic="No" Mode="0" Action="Pool Default" Sync="" Morph="" CueInFade="0"/>
        </Cue>
        <Cue Name="ruhe3" No="6" AllowDuplicates="">
            <Part Name="ruhe3" Guid="AF 32 85 32 60 0A 47 C5 AA B8 71 5E 1B 1B EE BF" AlignRangeX="No" AlignRangeY="No" AlignRangeZ="No" PreserveGridPositions="No" MAgic="No" Mode="0" Action="Pool Default" Sync="" Morph="" CueInFade="0"/>
        </Cue>
        <Cue Name="ruhe4" No="7" AllowDuplicates="">
            <Part Name="ruhe4" Guid="15 B2 8D 63 6A C7 43 D6 AF 32 2E 17 DC EB E1 4C" AlignRangeX="No" AlignRangeY="No" AlignRangeZ="No" PreserveGridPositions="No" MAgic="No" Mode="0" Action="Pool Default" Sync="" Morph="" CueInFade="0"/>
        </Cue>
        <Cue Name="Teppich1" No="8" AllowDuplicates="">
            <Part Name="Teppich1" Guid="1C 00 0D 0B 0A F6 4F C2 A7 BE 93 11 AC BE F2 DA" AlignRangeX="No" AlignRangeY="No" AlignRangeZ="No" PreserveGridPositions="No" MAgic="No" Mode="0" Action="Pool Default" Sync="" Morph="" CueInFade="0"/>
        </Cue>
        <Cue Name="Teppich2" No="9" AllowDuplicates="">
            <Part Name="Teppich2" Guid="EE B0 6C 65 82 E7 43 1A BE BC 27 98 EA EB 20 84" AlignRangeX="No" AlignRangeY="No" AlignRangeZ="No" PreserveGridPositions="No" MAgic="No" Mode="0" Action="Pool Default" Sync="" Morph="" CueInFade="0"/>
        </Cue>
        <Cue Name="Teppich3" No="10" AllowDuplicates="">
            <Part Name="Teppich3" Guid="05 FB FE 96 4E DA 4A 0C A4 38 D4 20 05 02 44 2F" AlignRangeX="No" AlignRangeY="No" AlignRangeZ="No" PreserveGridPositions="No" MAgic="No" Mode="0" Action="Pool Default" Sync="" Morph="" CueInFade="0"/>
        </Cue>
        <Cue Name="Teppich4" No="11" AllowDuplicates="">
            <Part Name="Teppich4" Guid="56 21 0D BF 55 92 44 C8 B5 40 0E 68 0E 43 71 F2" AlignRangeX="No" AlignRangeY="No" AlignRangeZ="No" PreserveGridPositions="No" MAgic="No" Mode="0" Action="Pool Default" Sync="" Morph="" CueInFade="0"/>
        </Cue>
        <Cue Name="Teppich5" No="12" AllowDuplicates="">
            <Part Name="Teppich5" Guid="BB 84 72 34 44 C6 44 4C 99 B8 A9 67 FD 43 7D 3F" AlignRangeX="No" AlignRangeY="No" AlignRangeZ="No" PreserveGridPositions="No" MAgic="No" Mode="0" Action="Pool Default" Sync="" Morph="" CueInFade="0"/>
        </Cue>
        <Cue Name="Teppich6" No="13" AllowDuplicates="">
            <Part Name="Teppich6" Guid="70 29 C9 DC 3D 39 40 0C 82 A7 97 EC 38 48 7D C0" AlignRangeX="No" AlignRangeY="No" AlignRangeZ="No" PreserveGridPositions="No" MAgic="No" Mode="0" Action="Pool Default" Sync="" Morph="" CueInFade="0"/>
        </Cue>
        <Cue Name="Teppich7" No="14" AllowDuplicates="">
            <Part Name="Teppich7" Guid="8D 50 E2 6E CC 58 4A 19 B8 CA A3 43 7A 7E B1 BC" AlignRangeX="No" AlignRangeY="No" AlignRangeZ="No" PreserveGridPositions="No" MAgic="No" Mode="0" Action="Pool Default" Sync="" Morph="" CueInFade="0"/>
        </Cue>
        <Cue Name="Teppich8" No="15" AllowDuplicates="">
            <Part Name="Teppich8" Guid="51 12 2C 12 12 66 41 DF A8 EB C6 7D 10 E9 08 04" AlignRangeX="No" AlignRangeY="No" AlignRangeZ="No" PreserveGridPositions="No" MAgic="No" Mode="0" Action="Pool Default" Sync="" Morph="" CueInFade="0"/>
        </Cue>
        <Cue Name="Teppich9" No="16" AllowDuplicates="">
            <Part Name="Teppich9" Guid="15 E8 02 3D 41 8C 42 49 A0 C5 3C 26 9A 22 E7 B8" AlignRangeX="No" AlignRangeY="No" AlignRangeZ="No" PreserveGridPositions="No" MAgic="No" Mode="0" Action="Pool Default" Sync="" Morph="" CueInFade="0"/>
        </Cue>
        <Cue Name="Teppich11" No="17" AllowDuplicates="">
            <Part Name="Teppich11" Guid="FB AF F9 E8 19 06 44 80 8E E3 27 3F 32 3E C4 85" AlignRangeX="No" AlignRangeY="No" AlignRangeZ="No" PreserveGridPositions="No" MAgic="No" Mode="0" Action="Pool Default" Sync="" Morph="" CueInFade="0"/>
        </Cue>
        <Cue Name="Teppich12" No="18" AllowDuplicates="">
            <Part Name="Teppich12" Guid="91 FC 28 B8 5C 11 49 6D A6 B2 21 90 5C 92 0D 7E" AlignRangeX="No" AlignRangeY="No" AlignRangeZ="No" PreserveGridPositions="No" MAgic="No" Mode="0" Action="Pool Default" Sync="" Morph="" CueInFade="0"/>
        </Cue>
        <Cue Name="Teppich13" No="19" AllowDuplicates="">
            <Part Name="Teppich13" Guid="F5 49 8C 6B 67 92 4E 99 AF B8 30 95 1F DB 33 DA" AlignRangeX="No" AlignRangeY="No" AlignRangeZ="No" PreserveGridPositions="No" MAgic="No" Mode="0" Action="Pool Default" Sync="" Morph="" CueInFade="0"/>
        </Cue>
        <Cue Name="Teppich14" No="20" AllowDuplicates="">
            <Part Name="Teppich14" Guid="78 12 9F BC E4 A6 4D 61 9A 24 A5 96 F3 5E CC 7D" AlignRangeX="No" AlignRangeY="No" AlignRangeZ="No" PreserveGridPositions="No" MAgic="No" Mode="0" Action="Pool Default" Sync="" Morph="" CueInFade="0"/>
        </Cue>
        <Cue Name="Teppich15" No="21" AllowDuplicates="">
            <Part Name="Teppich15" Guid="E1 C3 0B 19 14 EE 49 1D B0 34 90 BF 86 57 85 41" AlignRangeX="No" AlignRangeY="No" AlignRangeZ="No" PreserveGridPositions="No" MAgic="No" Mode="0" Action="Pool Default" Sync="" Morph="" CueInFade="0"/>
        </Cue>
        <Cue Name="Teppich16" No="22" AllowDuplicates="">
            <Part Name="Teppich16" Guid="6B 18 14 D5 AD E6 4E E3 B4 9C 9D D8 B2 C6 1B E6" AlignRangeX="No" AlignRangeY="No" AlignRangeZ="No" PreserveGridPositions="No" MAgic="No" Mode="0" Action="Pool Default" Sync="" Morph="" CueInFade="0"/>
        </Cue>
        <Cue Name="buildUp1" No="23" AllowDuplicates="">
            <Part Name="buildUp1" Guid="E2 8C 2D BB F3 97 45 46 84 9F 00 94 73 E8 F1 9E" AlignRangeX="No" AlignRangeY="No" AlignRangeZ="No" PreserveGridPositions="No" MAgic="No" Mode="0" Action="Pool Default" Sync="" Morph="" CueInFade="0"/>
        </Cue>
        <Cue Name="buildUp2" No="24" AllowDuplicates="">
            <Part Name="buildUp2" Guid="4C 1B DA F3 1C 48 4F 74 AE 97 17 5F EB 50 66 27" AlignRangeX="No" AlignRangeY="No" AlignRangeZ="No" PreserveGridPositions="No" MAgic="No" Mode="0" Action="Pool Default" Sync="" Morph="" CueInFade="0"/>
        </Cue>
        <Cue Name="buildUp3" No="25" AllowDuplicates="">
            <Part Name="buildUp3" Guid="F6 C5 E2 09 0C EB 43 BC 9E C8 E0 8A 04 5B A1 3A" AlignRangeX="No" AlignRangeY="No" AlignRangeZ="No" PreserveGridPositions="No" MAgic="No" Mode="0" Action="Pool Default" Sync="" Morph="" CueInFade="0"/>
        </Cue>
        <Cue Name="buildUp4" No="26" AllowDuplicates="">
            <Part Name="buildUp4" Guid="F1 DA 41 1F 50 BD 4E E2 AA EA 62 15 AC DB 72 EE" AlignRangeX="No" AlignRangeY="No" AlignRangeZ="No" PreserveGridPositions="No" MAgic="No" Mode="0" Action="Pool Default" Sync="" Morph="" CueInFade="0"/>
        </Cue>
        <Cue Name="buildUp5" No="27" AllowDuplicates="">
            <Part Name="buildUp5" Guid="7D F2 46 6C 9F E6 4D CD 99 F1 3F 04 0B D9 34 56" AlignRangeX="No" AlignRangeY="No" AlignRangeZ="No" PreserveGridPositions="No" MAgic="No" Mode="0" Action="Pool Default" Sync="" Morph="" CueInFade="0"/>
        </Cue>
        <Cue Name="buildUp6" No="28" AllowDuplicates="">
            <Part Name="buildUp6" Guid="28 E0 8E D3 09 05 4F 37 96 34 4E E0 1C 9A 59 0A" AlignRangeX="No" AlignRangeY="No" AlignRangeZ="No" PreserveGridPositions="No" MAgic="No" Mode="0" Action="Pool Default" Sync="" Morph="" CueInFade="0"/>
        </Cue>
        <Cue Name="buildUp7" No="29" AllowDuplicates="">
            <Part Name="buildUp7" Guid="AC E6 F2 00 54 47 46 04 BC 66 27 57 46 5F F5 39" AlignRangeX="No" AlignRangeY="No" AlignRangeZ="No" PreserveGridPositions="No" MAgic="No" Mode="0" Action="Pool Default" Sync="" Morph="" CueInFade="0"/>
        </Cue>
        <Cue Name="buildUp8" No="30" AllowDuplicates="">
            <Part Name="buildUp8" Guid="23 3A 90 C7 32 E0 41 4E 96 BE 92 1C 5C DD 04 EC" AlignRangeX="No" AlignRangeY="No" AlignRangeZ="No" PreserveGridPositions="No" MAgic="No" Mode="0" Action="Pool Default" Sync="" Morph="" CueInFade="0"/>
        </Cue>
        <Cue Name="buildUp9" No="31" AllowDuplicates="">
            <Part Name="buildUp9" Guid="2B 95 AC C6 EC 03 42 DC 89 43 39 36 70 8C 98 9B" AlignRangeX="No" AlignRangeY="No" AlignRangeZ="No" PreserveGridPositions="No" MAgic="No" Mode="0" Action="Pool Default" Sync="" Morph="" CueInFade="0"/>
        </Cue>
        <Cue Name="buildUp21" No="32" AllowDuplicates="">
            <Part Name="buildUp21" Guid="79 70 60 00 EE 1B 4F 7D 98 76 E3 B2 B0 57 38 51" AlignRangeX="No" AlignRangeY="No" AlignRangeZ="No" PreserveGridPositions="No" MAgic="No" Mode="0" Action="Pool Default" Sync="" Morph="" CueInFade="0"/>
        </Cue>
        <Cue Name="buildU22" No="33" AllowDuplicates="">
            <Part Name="buildU22" Guid="5A 65 68 03 2D 13 4F 84 BB 9E 92 F9 01 F0 D6 93" AlignRangeX="No" AlignRangeY="No" AlignRangeZ="No" PreserveGridPositions="No" MAgic="No" Mode="0" Action="Pool Default" Sync="" Morph="" CueInFade="0"/>
        </Cue>
        <Cue Name="buildUp23" No="34" AllowDuplicates="">
            <Part Name="buildUp23" Guid="8B 1A BD 1D 00 7D 4F F4 AA C1 A6 F6 AA 28 95 33" AlignRangeX="No" AlignRangeY="No" AlignRangeZ="No" PreserveGridPositions="No" MAgic="No" Mode="0" Action="Pool Default" Sync="" Morph="" CueInFade="0"/>
        </Cue>
        <Cue Name="buildUp24" No="35" AllowDuplicates="">
            <Part Name="buildUp24" Guid="52 25 56 EE 21 2B 47 5A B3 61 64 66 DC 99 AE 7A" AlignRangeX="No" AlignRangeY="No" AlignRangeZ="No" PreserveGridPositions="No" MAgic="No" Mode="0" Action="Pool Default" Sync="" Morph="" CueInFade="0"/>
        </Cue>
        <Cue Name="buildUp25" No="36" AllowDuplicates="">
            <Part Name="buildUp25" Guid="A3 7B 3F 37 26 EF 48 37 88 80 96 87 F9 7F 6F 86" AlignRangeX="No" AlignRangeY="No" AlignRangeZ="No" PreserveGridPositions="No" MAgic="No" Mode="0" Action="Pool Default" Sync="" Morph="" CueInFade="0"/>
        </Cue>
        <Cue Name="buildUp26" No="37" AllowDuplicates="">
            <Part Name="buildUp26" Guid="3F 11 46 C9 68 EE 45 5E 8C E5 A3 37 49 F1 0D C5" AlignRangeX="No" AlignRangeY="No" AlignRangeZ="No" PreserveGridPositions="No" MAgic="No" Mode="0" Action="Pool Default" Sync="" Morph="" CueInFade="0"/>
        </Cue>
        <Cue Name="buildUp27" No="38" AllowDuplicates="">
            <Part Name="buildUp27" Guid="0E 1E 5E 9B BC AC 45 86 91 15 09 A8 E3 2F 9C 45" AlignRangeX="No" AlignRangeY="No" AlignRangeZ="No" PreserveGridPositions="No" MAgic="No" Mode="0" Action="Pool Default" Sync="" Morph="" CueInFade="0"/>
        </Cue>
        <Cue Name="buildUp28" No="39" AllowDuplicates="">
            <Part Name="buildUp28" Guid="D6 0C 07 E8 2A FA 4F 00 BF 00 5C 11 90 2E C3 49" AlignRangeX="No" AlignRangeY="No" AlignRangeZ="No" PreserveGridPositions="No" MAgic="No" Mode="0" Action="Pool Default" Sync="" Morph="" CueInFade="0"/>
        </Cue>
        <Cue Name="buildUp29" No="40" AllowDuplicates="">
            <Part Name="buildUp29" Guid="EB C7 96 9A A1 E7 49 5D 94 AD BA 97 F7 6C 05 AB" AlignRangeX="No" AlignRangeY="No" AlignRangeZ="No" PreserveGridPositions="No" MAgic="No" Mode="0" Action="Pool Default" Sync="" Morph="" CueInFade="0"/>
        </Cue>
        <Cue Name="buildUp31" No="41" AllowDuplicates="">
            <Part Name="buildUp31" Guid="5C C1 C1 E9 06 0A 4C 9F B7 94 8A AA B6 6F E0 9C" AlignRangeX="No" AlignRangeY="No" AlignRangeZ="No" PreserveGridPositions="No" MAgic="No" Mode="0" Action="Pool Default" Sync="" Morph="" CueInFade="0"/>
        </Cue>
        <Cue Name="buildUp32" No="42" AllowDuplicates="">
            <Part Name="buildUp32" Guid="BE B6 C9 41 4D 9A 40 04 8F 69 B7 94 D1 41 2A 40" AlignRangeX="No" AlignRangeY="No" AlignRangeZ="No" PreserveGridPositions="No" MAgic="No" Mode="0" Action="Pool Default" Sync="" Morph="" CueInFade="0"/>
        </Cue>
        <Cue Name="buildUp33" No="43" AllowDuplicates="">
            <Part Name="buildUp33" Guid="55 82 C9 B1 6D C1 41 03 B8 5D AE CE 02 52 F6 A2" AlignRangeX="No" AlignRangeY="No" AlignRangeZ="No" PreserveGridPositions="No" MAgic="No" Mode="0" Action="Pool Default" Sync="" Morph="" CueInFade="0"/>
        </Cue>
        <Cue Name="buildUp34" No="44" AllowDuplicates="">
            <Part Name="buildUp34" Guid="CB 00 F1 D6 97 34 49 A0 B6 3C 1B 87 57 EF ED E9" AlignRangeX="No" AlignRangeY="No" AlignRangeZ="No" PreserveGridPositions="No" MAgic="No" Mode="0" Action="Pool Default" Sync="" Morph="" CueInFade="0"/>
        </Cue>
        <Cue Name="buildUp35" No="45" AllowDuplicates="">
            <Part Name="buildUp35" Guid="69 BA FA 63 36 2E 4A A8 89 70 2B 40 A2 35 E0 71" AlignRangeX="No" AlignRangeY="No" AlignRangeZ="No" PreserveGridPositions="No" MAgic="No" Mode="0" Action="Pool Default" Sync="" Morph="" CueInFade="0"/>
        </Cue>
        <Cue Name="buildUp36" No="46" AllowDuplicates="">
            <Part Name="buildUp36" Guid="E9 10 F8 A4 40 2D 4B 3C AB DE 0F 68 48 D3 94 5A" AlignRangeX="No" AlignRangeY="No" AlignRangeZ="No" PreserveGridPositions="No" MAgic="No" Mode="0" Action="Pool Default" Sync="" Morph="" CueInFade="0"/>
        </Cue>
        <Cue Name="drop37" No="47" AllowDuplicates="">
            <Part Name="drop37" Guid="DE 44 46 7E 68 AC 4C 84 A1 D5 CD F7 92 91 49 1C" AlignRangeX="No" AlignRangeY="No" AlignRangeZ="No" PreserveGridPositions="No" MAgic="No" Mode="0" Action="Pool Default" Sync="" Morph="" CueInFade="0"/>
        </Cue>
        <Cue Name="drop38" No="48" AllowDuplicates="">
            <Part Name="drop38" Guid="5E C2 B1 CB 8E 71 49 6B B8 36 0E 57 AE 60 5F A2" AlignRangeX="No" AlignRangeY="No" AlignRangeZ="No" PreserveGridPositions="No" MAgic="No" Mode="0" Action="Pool Default" Sync="" Morph="" CueInFade="0"/>
        </Cue>
        <Cue Name="drop" No="49" AllowDuplicates="">
            <Part Name="drop" Guid="F0 8F 6F 05 1B 65 4B 9A 91 8E F5 CE 6B 1D 23 43" AlignRangeX="No" AlignRangeY="No" AlignRangeZ="No" PreserveGridPositions="No" MAgic="No" Mode="0" Action="Pool Default" Sync="" Morph="" CueInFade="0"/>
        </Cue>
        <Cue Name="drop39" No="50" AllowDuplicates="">
            <Part Name="drop39" Guid="E6 DA EE 3D B5 06 4B 27 83 AA 62 BB 88 7E BE C4" AlignRangeX="No" AlignRangeY="No" AlignRangeZ="No" PreserveGridPositions="No" MAgic="No" Mode="0" Action="Pool Default" Sync="" Morph="" CueInFade="0"/>
        </Cue>
        <Cue Name="drop41" No="51" AllowDuplicates="">
            <Part Name="drop41" Guid="A6 10 71 6C E8 63 4A E7 8E 23 E5 B5 0C 53 24 D3" AlignRangeX="No" AlignRangeY="No" AlignRangeZ="No" PreserveGridPositions="No" MAgic="No" Mode="0" Action="Pool Default" Sync="" Morph="" CueInFade="0"/>
        </Cue>
        <Cue Name="drop42" No="52" AllowDuplicates="">
            <Part Name="drop42" Guid="BA E6 E5 43 6A A3 42 2E 81 88 CC 81 A5 67 A4 EF" AlignRangeX="No" AlignRangeY="No" AlignRangeZ="No" PreserveGridPositions="No" MAgic="No" Mode="0" Action="Pool Default" Sync="" Morph="" CueInFade="0"/>
        </Cue>
        <Cue Name="drop43" No="53" AllowDuplicates="">
            <Part Name="drop43" Guid="FE B6 0F DF F3 BD 48 D0 9A 12 83 90 8A 26 30 CB" AlignRangeX="No" AlignRangeY="No" AlignRangeZ="No" PreserveGridPositions="No" MAgic="No" Mode="0" Action="Pool Default" Sync="" Morph="" CueInFade="0"/>
        </Cue>
        <Cue Name="drop44" No="54" AllowDuplicates="">
            <Part Name="drop44" Guid="7C 2D 5F E1 F8 C2 40 F4 AF B8 48 20 98 50 42 01" AlignRangeX="No" AlignRangeY="No" AlignRangeZ="No" PreserveGridPositions="No" MAgic="No" Mode="0" Action="Pool Default" Sync="" Morph="" CueInFade="0"/>
        </Cue>
        <Cue Name="drop45" No="55" AllowDuplicates="">
            <Part Name="drop45" Guid="52 9F BF C0 46 B6 49 42 9D B0 96 6B 7E CB 67 0C" AlignRangeX="No" AlignRangeY="No" AlignRangeZ="No" PreserveGridPositions="No" MAgic="No" Mode="0" Action="Pool Default" Sync="" Morph="" CueInFade="0"/>
        </Cue>
        <Cue Name="drop46" No="56" AllowDuplicates="">
            <Part Name="drop46" Guid="22 D4 A8 64 77 A2 45 C1 9C 34 3A BF C1 EA 47 80" AlignRangeX="No" AlignRangeY="No" AlignRangeZ="No" PreserveGridPositions="No" MAgic="No" Mode="0" Action="Pool Default" Sync="" Morph="" CueInFade="0"/>
        </Cue>
    </Sequence>
</GMA3>
