<?xml version="1.0" encoding="UTF-8"?>
<GMA3 DataVersion="2.3.1.1">
    <Sequence Name="Additional_2509145_01" Guid="B6 D0 1C 08 50 10 44 AC BE 8D 66 A0 59 1B DD EB" Appearance="TC_Color_4d08d9" AutoStart="Yes" AutoStop="Yes" AutoFix="No" AutoStomp="No" SoftLTP="Yes" XFadeReload="No" SwapProtect="No" KillProtect="No" UseExecutorTime="Yes" OffwhenOverridden="Yes" SequMIB="Enabled" AutoPrePos="No" WrapAround="Yes" MasterGoMode="None" SpeedfromRate="No" Tracking="Yes" IncludeLinkLastGo="Yes" RateScale="One" SpeedScale="One" PreferCueAppearance="No" ExecutorDisplayMode="Both" Action="Toggle">
        <DependencyExport Size="1">
            <Dependency RelAddr="ShowData.Appearances.TC_Color_4d08d9">
                <Appearance Name="TC_Color_4d08d9" Guid="55 D9 96 EA 28 1B 4C BD 89 47 9A E8 59 86 79 C9" Color="1.0000000000,1.0000000000,1.0000000000,1.0000000000" BackR="77" BackG="8" BackB="217" BackAlpha="255"/>
            </Dependency>
        </DependencyExport>
        <Cue Name="OffCue" Release="Yes" Assert="Assert" AllowDuplicates="" TrigType="">
            <Part Guid="CE 74 07 46 1C D6 4F 3C 87 D5 B4 ED B5 2B D4 61" AlignRangeX="No" AlignRangeY="No" AlignRangeZ="No" PreserveGridPositions="No" MAgic="No" Mode="0" Action="Pool Default"/>
        </Cue>
        <Cue Name="CueZero" No="0">
            <Part Guid="7D 25 1B 5F 51 97 46 DB B3 06 1D 26 1B 37 0F A2" AlignRangeX="No" AlignRangeY="No" AlignRangeZ="No" PreserveGridPositions="No" MAgic="No" Mode="0" Action="Pool Default"/>
        </Cue>
        <Cue Name="buildup" No="1" AllowDuplicates="">
            <Part Name="buildup" Guid="16 00 06 EA 39 FC 4E 5B B0 09 2F 4B 55 40 27 BF" AlignRangeX="No" AlignRangeY="No" AlignRangeZ="No" PreserveGridPositions="No" MAgic="No" Mode="0" Action="Pool Default" Sync="" Morph="" CueInFade="0"/>
        </Cue>
        <Cue Name="drop" No="2" AllowDuplicates="">
            <Part Name="drop" Guid="16 C2 15 A9 75 DE 48 C3 83 98 11 40 A4 3A D3 DF" AlignRangeX="No" AlignRangeY="No" AlignRangeZ="No" PreserveGridPositions="No" MAgic="No" Mode="0" Action="Pool Default" Sync="" Morph="" CueInFade="0"/>
        </Cue>
        <Cue Name="drop_1" No="3" AllowDuplicates="">
            <Part Name="drop_1" Guid="6C EF 5A E1 EC F6 4F A6 81 B0 EC 92 84 02 52 38" AlignRangeX="No" AlignRangeY="No" AlignRangeZ="No" PreserveGridPositions="No" MAgic="No" Mode="0" Action="Pool Default" Sync="" Morph="" CueInFade="0"/>
        </Cue>
        <Cue Name="drop_2" No="4" AllowDuplicates="">
            <Part Name="drop_2" Guid="52 D3 CE 9C 09 85 4A 25 97 B7 E8 B3 AF AD CC 60" AlignRangeX="No" AlignRangeY="No" AlignRangeZ="No" PreserveGridPositions="No" MAgic="No" Mode="0" Action="Pool Default" Sync="" Morph="" CueInFade="0"/>
        </Cue>
        <Cue Name="drop_3" No="5" AllowDuplicates="">
            <Part Name="drop_3" Guid="28 22 76 F1 12 C9 46 86 88 FB A6 2B 50 D6 ED 66" AlignRangeX="No" AlignRangeY="No" AlignRangeZ="No" PreserveGridPositions="No" MAgic="No" Mode="0" Action="Pool Default" Sync="" Morph="" CueInFade="0"/>
        </Cue>
    </Sequence>
    <Sequence Name="Additional" Guid="2F AF F9 9B DA 8C 44 13 B4 47 73 02 FB 47 80 88" Appearance="" AutoStart="Yes" AutoStop="Yes" AutoFix="No" AutoStomp="No" SoftLTP="Yes" XFadeReload="No" SwapProtect="No" KillProtect="No" UseExecutorTime="Yes" OffwhenOverridden="Yes" SequMIB="Enabled" AutoPrePos="No" WrapAround="Yes" MasterGoMode="None" SpeedfromRate="No" Tracking="Yes" IncludeLinkLastGo="Yes" RateScale="One" SpeedScale="One" PreferCueAppearance="No" ExecutorDisplayMode="Both" Action="Toggle">
        <Cue Name="OffCue" Release="Yes" Assert="Assert" AllowDuplicates="" TrigType="">
            <Part Guid="60 6D 43 21 C9 FA 4A 59 88 87 32 D5 AA 72 8F 9D" AlignRangeX="No" AlignRangeY="No" AlignRangeZ="No" PreserveGridPositions="No" MAgic="No" Mode="0" Action="Pool Default"/>
        </Cue>
        <Cue Name="CueZero" No="0">
            <Part Guid="B1 61 D6 8C 07 B0 44 0D A5 B0 D0 2D E8 37 B2 95" AlignRangeX="No" AlignRangeY="No" AlignRangeZ="No" PreserveGridPositions="No" MAgic="No" Mode="0" Action="Pool Default"/>
        </Cue>
        <Cue Name="teppich" No="1" AllowDuplicates="">
            <Part Name="teppich" Guid="3C 43 CB C0 83 D6 49 C4 98 81 F4 16 71 ED C9 32" AlignRangeX="No" AlignRangeY="No" AlignRangeZ="No" PreserveGridPositions="No" MAgic="No" Mode="0" Action="Pool Default" Sync="" Morph="" CueInFade="0"/>
        </Cue>
        <Cue Name="teppich_1" No="2" AllowDuplicates="">
            <Part Name="teppich_1" Guid="78 BE 1E 32 B1 95 4D E0 A4 40 5A F1 80 C2 E4 3C" AlignRangeX="No" AlignRangeY="No" AlignRangeZ="No" PreserveGridPositions="No" MAgic="No" Mode="0" Action="Pool Default" Sync="" Morph="" CueInFade="0"/>
        </Cue>
        <Cue Name="teppich_2" No="3" AllowDuplicates="">
            <Part Name="teppich_2" Guid="8D B7 D1 96 28 35 45 F8 AB F4 F3 C1 4E A2 49 5B" AlignRangeX="No" AlignRangeY="No" AlignRangeZ="No" PreserveGridPositions="No" MAgic="No" Mode="0" Action="Pool Default" Sync="" Morph="" CueInFade="0"/>
        </Cue>
        <Cue Name="buildup" No="4" AllowDuplicates="">
            <Part Name="buildup" Guid="19 80 F6 A7 04 74 47 B0 8E 47 DC AA A8 B1 D5 D1" AlignRangeX="No" AlignRangeY="No" AlignRangeZ="No" PreserveGridPositions="No" MAgic="No" Mode="0" Action="Pool Default" Sync="" Morph="" CueInFade="0"/>
        </Cue>
        <Cue Name="buildup_1" No="5" AllowDuplicates="">
            <Part Name="buildup_1" Guid="E0 6C FF 1C B4 7D 4D 2B 86 9E AE 00 0A CE DB 15" AlignRangeX="No" AlignRangeY="No" AlignRangeZ="No" PreserveGridPositions="No" MAgic="No" Mode="0" Action="Pool Default" Sync="" Morph="" CueInFade="0"/>
        </Cue>
    </Sequence>
    <Sequence Name="Neuer_Stack" Guid="3F 45 67 23 DC 07 49 CA BB 11 7F ED A5 DF 81 0B" Appearance="TC_Color_ff0000" AutoStart="Yes" AutoStop="Yes" AutoFix="No" AutoStomp="No" SoftLTP="Yes" XFadeReload="No" SwapProtect="No" KillProtect="No" UseExecutorTime="Yes" OffwhenOverridden="Yes" SequMIB="Enabled" AutoPrePos="No" WrapAround="Yes" MasterGoMode="None" SpeedfromRate="No" Tracking="Yes" IncludeLinkLastGo="Yes" RateScale="One" SpeedScale="One" PreferCueAppearance="No" ExecutorDisplayMode="Both" Action="Toggle">
        <DependencyExport Size="1">
            <Dependency RelAddr="ShowData.Appearances.TC_Color_ff0000">
                <Appearance Name="TC_Color_ff0000" Guid="00 9A 6D E9 48 20 4F 8E B6 4D F5 74 24 03 33 D5" Color="1.0000000000,1.0000000000,1.0000000000,1.0000000000" BackR="255" BackG="0" BackB="0" BackAlpha="255"/>
            </Dependency>
        </DependencyExport>
        <Cue Name="OffCue" Release="Yes" Assert="Assert" AllowDuplicates="" TrigType="">
            <Part Guid="40 62 FC C7 DC 1C 48 5E A4 7A DA 01 F4 B2 CD D3" AlignRangeX="No" AlignRangeY="No" AlignRangeZ="No" PreserveGridPositions="No" MAgic="No" Mode="0" Action="Pool Default"/>
        </Cue>
        <Cue Name="CueZero" No="0">
            <Part Guid="9A 05 D0 A2 21 6F 46 65 8B B7 D1 92 AA AC EE 85" AlignRangeX="No" AlignRangeY="No" AlignRangeZ="No" PreserveGridPositions="No" MAgic="No" Mode="0" Action="Pool Default"/>
        </Cue>
        <Cue Name="teppich" No="1" AllowDuplicates="">
            <Part Name="teppich" Guid="9C 5F D9 A7 A2 5D 46 74 B1 97 86 41 6B C6 27 78" AlignRangeX="No" AlignRangeY="No" AlignRangeZ="No" PreserveGridPositions="No" MAgic="No" Mode="0" Action="Pool Default" Sync="" Morph="" CueInFade="0"/>
        </Cue>
        <Cue Name="teppich_1" No="2" AllowDuplicates="">
            <Part Name="teppich_1" Guid="03 1C 38 C4 D6 E9 42 29 8D 6C F1 1C A3 D6 1A BC" AlignRangeX="No" AlignRangeY="No" AlignRangeZ="No" PreserveGridPositions="No" MAgic="No" Mode="0" Action="Pool Default" Sync="" Morph="" CueInFade="0"/>
        </Cue>
        <Cue Name="teppich_2" No="3" AllowDuplicates="">
            <Part Name="teppich_2" Guid="79 1B 0A 5F 78 F8 43 6B 8B 9F 12 DB 8E 85 0E 50" AlignRangeX="No" AlignRangeY="No" AlignRangeZ="No" PreserveGridPositions="No" MAgic="No" Mode="0" Action="Pool Default" Sync="" Morph="" CueInFade="0"/>
        </Cue>
        <Cue Name="buildup" No="4" AllowDuplicates="">
            <Part Name="buildup" Guid="D5 AE 2C EF D1 E1 4A AE 9F 1A 35 19 57 89 34 71" AlignRangeX="No" AlignRangeY="No" AlignRangeZ="No" PreserveGridPositions="No" MAgic="No" Mode="0" Action="Pool Default" Sync="" Morph="" CueInFade="0"/>
        </Cue>
        <Cue Name="buildup_1" No="5" AllowDuplicates="">
            <Part Name="buildup_1" Guid="98 3B 38 34 FF 89 4B 01 B8 AF F8 62 46 A1 51 18" AlignRangeX="No" AlignRangeY="No" AlignRangeZ="No" PreserveGridPositions="No" MAgic="No" Mode="0" Action="Pool Default" Sync="" Morph="" CueInFade="0"/>
        </Cue>
        <Cue Name="buildup_2" No="6" AllowDuplicates="">
            <Part Name="buildup_2" Guid="46 C6 92 64 3B C9 49 AE 8A E3 55 38 EB B0 87 0E" AlignRangeX="No" AlignRangeY="No" AlignRangeZ="No" PreserveGridPositions="No" MAgic="No" Mode="0" Action="Pool Default" Sync="" Morph="" CueInFade="0"/>
        </Cue>
        <Cue Name="drop" No="7" AllowDuplicates="">
            <Part Name="drop" Guid="C3 6B A0 F6 4D B4 45 7D 90 90 E9 57 04 B2 1B 85" AlignRangeX="No" AlignRangeY="No" AlignRangeZ="No" PreserveGridPositions="No" MAgic="No" Mode="0" Action="Pool Default" Sync="" Morph="" CueInFade="0"/>
        </Cue>
        <Cue Name="drop_1" No="8" AllowDuplicates="">
            <Part Name="drop_1" Guid="1B F1 17 D2 42 56 43 85 B5 C2 30 1D 98 61 28 BD" AlignRangeX="No" AlignRangeY="No" AlignRangeZ="No" PreserveGridPositions="No" MAgic="No" Mode="0" Action="Pool Default" Sync="" Morph="" CueInFade="0"/>
        </Cue>
        <Cue Name="drop_2" No="9" AllowDuplicates="">
            <Part Name="drop_2" Guid="55 93 74 9D 80 2C 48 DC AF 8D 7A 2A B1 3B EF 0B" AlignRangeX="No" AlignRangeY="No" AlignRangeZ="No" PreserveGridPositions="No" MAgic="No" Mode="0" Action="Pool Default" Sync="" Morph="" CueInFade="0"/>
        </Cue>
        <Cue Name="drop_3" No="10" AllowDuplicates="">
            <Part Name="drop_3" Guid="4E 38 4D FB 68 45 43 47 99 3E FA CE 5D 62 8C A3" AlignRangeX="No" AlignRangeY="No" AlignRangeZ="No" PreserveGridPositions="No" MAgic="No" Mode="0" Action="Pool Default" Sync="" Morph="" CueInFade="0"/>
        </Cue>
    </Sequence>
</GMA3>
