<?xml version="1.0" encoding="UTF-8"?>
<GMA3 DataVersion="2.3.1.1">
    <Timecode Name="250914_01" Guid="FC F7 8C 8E B2 D8 4C 1E 8B CA 74 71 92 7B E8 2C" Cursor="0.0" Duration="242.36" LoopCount="0" TCSlot="-1" AutoStop="No" SwitchOff="Keep Playbacks" TimeDisplayFormat="Default" FrameReadout="Seconds">
        <TrackGroup Play="" Rec="">
            <MarkerTrack Name="Marker" Guid="15 C4 E0 DB 18 66 49 8D A8 79 39 28 66 71 A4 DC"/>
            <Track Name="Additional_2509145_01" Guid="CD A6 92 A8 DC D8 40 7F 91 F1 2C 1A 65 5D 39 5E" Target="ShowData.DataPools.Default.Sequences.Additional_2509145_01" Play="" Rec="">
                <TimeRange Guid="20 4D BA E6 B6 7B 4A CB 95 65 A9 49 EE D1 BC A6" Duration="To End" Play="" Rec="">
                    <CmdSubTrack>
                        <CmdEvent Name="" Time="2.52" CueDestination="buildup">
                            <RealtimeCmd Type="Key" Source="Original" UserProfile="1" User="1" Status="On" IsRealtime="0" IsXFade="0" IgnoreFollow="0" IgnoreCommand="0" Assert="0" IgnoreNetwork="0" FromTriggerNode="0" IgnoreExecTime="0" IssuedByTimecode="0" FromLocalHardwareFader="1" IgnoreExecXFade="0" IsExecXFade="0" Object="ShowData.DataPools.Default.Sequences.Additional_2509145_01" ExecToken="Goto" ValCueDestination="Default.Sequences.Additional_2509145_01.buildup"/>
                        </CmdEvent>
                        <CmdEvent Name="" Time="3.03" CueDestination="drop">
                            <RealtimeCmd Type="Key" Source="Original" UserProfile="1" User="1" Status="On" IsRealtime="0" IsXFade="0" IgnoreFollow="0" IgnoreCommand="0" Assert="0" IgnoreNetwork="0" FromTriggerNode="0" IgnoreExecTime="0" IssuedByTimecode="0" FromLocalHardwareFader="1" IgnoreExecXFade="0" IsExecXFade="0" Object="ShowData.DataPools.Default.Sequences.Additional_2509145_01" ExecToken="Goto" ValCueDestination="Default.Sequences.Additional_2509145_01.drop"/>
                        </CmdEvent>
                        <CmdEvent Name="" Time="3.56" CueDestination="drop_1">
                            <RealtimeCmd Type="Key" Source="Original" UserProfile="1" User="1" Status="On" IsRealtime="0" IsXFade="0" IgnoreFollow="0" IgnoreCommand="0" Assert="0" IgnoreNetwork="0" FromTriggerNode="0" IgnoreExecTime="0" IssuedByTimecode="0" FromLocalHardwareFader="1" IgnoreExecXFade="0" IsExecXFade="0" Object="ShowData.DataPools.Default.Sequences.Additional_2509145_01" ExecToken="Goto" ValCueDestination="Default.Sequences.Additional_2509145_01.drop_1"/>
                        </CmdEvent>
                        <CmdEvent Name="" Time="4.09" CueDestination="drop_2">
                            <RealtimeCmd Type="Key" Source="Original" UserProfile="1" User="1" Status="On" IsRealtime="0" IsXFade="0" IgnoreFollow="0" IgnoreCommand="0" Assert="0" IgnoreNetwork="0" FromTriggerNode="0" IgnoreExecTime="0" IssuedByTimecode="0" FromLocalHardwareFader="1" IgnoreExecXFade="0" IsExecXFade="0" Object="ShowData.DataPools.Default.Sequences.Additional_2509145_01" ExecToken="Goto" ValCueDestination="Default.Sequences.Additional_2509145_01.drop_2"/>
                        </CmdEvent>
                        <CmdEvent Name="" Time="4.63" CueDestination="drop_3">
                            <RealtimeCmd Type="Key" Source="Original" UserProfile="1" User="1" Status="On" IsRealtime="0" IsXFade="0" IgnoreFollow="0" IgnoreCommand="0" Assert="0" IgnoreNetwork="0" FromTriggerNode="0" IgnoreExecTime="0" IssuedByTimecode="0" FromLocalHardwareFader="1" IgnoreExecXFade="0" IsExecXFade="0" Object="ShowData.DataPools.Default.Sequences.Additional_2509145_01" ExecToken="Goto" ValCueDestination="Default.Sequences.Additional_2509145_01.drop_3"/>
                        </CmdEvent>
                    </CmdSubTrack>
                </TimeRange>
            </Track>
            <Track Name="Additional" Guid="05 C3 81 73 C0 45 40 1B A2 5F 79 63 1E DC 26 E7" Target="ShowData.DataPools.Default.Sequences.Additional" Play="" Rec="">
                <TimeRange Guid="03 E1 EB 27 55 7E 4C 04 88 BA D4 3B E5 82 6D 2D" Duration="To End" Play="" Rec="">
                    <CmdSubTrack>
                        <CmdEvent Name="" Time="0.10" CueDestination="teppich">
                            <RealtimeCmd Type="Key" Source="Original" UserProfile="1" User="1" Status="On" IsRealtime="0" IsXFade="0" IgnoreFollow="0" IgnoreCommand="0" Assert="0" IgnoreNetwork="0" FromTriggerNode="0" IgnoreExecTime="0" IssuedByTimecode="0" FromLocalHardwareFader="1" IgnoreExecXFade="0" IsExecXFade="0" Object="ShowData.DataPools.Default.Sequences.Additional" ExecToken="Goto" ValCueDestination="Default.Sequences.Additional.teppich"/>
                        </CmdEvent>
                        <CmdEvent Name="" Time="0.52" CueDestination="teppich_1">
                            <RealtimeCmd Type="Key" Source="Original" UserProfile="1" User="1" Status="On" IsRealtime="0" IsXFade="0" IgnoreFollow="0" IgnoreCommand="0" Assert="0" IgnoreNetwork="0" FromTriggerNode="0" IgnoreExecTime="0" IssuedByTimecode="0" FromLocalHardwareFader="1" IgnoreExecXFade="0" IsExecXFade="0" Object="ShowData.DataPools.Default.Sequences.Additional" ExecToken="Goto" ValCueDestination="Default.Sequences.Additional.teppich_1"/>
                        </CmdEvent>
                        <CmdEvent Name="" Time="0.94" CueDestination="teppich_2">
                            <RealtimeCmd Type="Key" Source="Original" UserProfile="1" User="1" Status="On" IsRealtime="0" IsXFade="0" IgnoreFollow="0" IgnoreCommand="0" Assert="0" IgnoreNetwork="0" FromTriggerNode="0" IgnoreExecTime="0" IssuedByTimecode="0" FromLocalHardwareFader="1" IgnoreExecXFade="0" IsExecXFade="0" Object="ShowData.DataPools.Default.Sequences.Additional" ExecToken="Goto" ValCueDestination="Default.Sequences.Additional.teppich_2"/>
                        </CmdEvent>
                        <CmdEvent Name="" Time="1.45" CueDestination="buildup">
                            <RealtimeCmd Type="Key" Source="Original" UserProfile="1" User="1" Status="On" IsRealtime="0" IsXFade="0" IgnoreFollow="0" IgnoreCommand="0" Assert="0" IgnoreNetwork="0" FromTriggerNode="0" IgnoreExecTime="0" IssuedByTimecode="0" FromLocalHardwareFader="1" IgnoreExecXFade="0" IsExecXFade="0" Object="ShowData.DataPools.Default.Sequences.Additional" ExecToken="Goto" ValCueDestination="Default.Sequences.Additional.buildup"/>
                        </CmdEvent>
                        <CmdEvent Name="" Time="1.96" CueDestination="buildup_1">
                            <RealtimeCmd Type="Key" Source="Original" UserProfile="1" User="1" Status="On" IsRealtime="0" IsXFade="0" IgnoreFollow="0" IgnoreCommand="0" Assert="0" IgnoreNetwork="0" FromTriggerNode="0" IgnoreExecTime="0" IssuedByTimecode="0" FromLocalHardwareFader="1" IgnoreExecXFade="0" IsExecXFade="0" Object="ShowData.DataPools.Default.Sequences.Additional" ExecToken="Goto" ValCueDestination="Default.Sequences.Additional.buildup_1"/>
                        </CmdEvent>
                    </CmdSubTrack>
                </TimeRange>
            </Track>
            <Track Name="Neuer_Stack" Guid="10 E9 01 8E DE B3 4A DB 9A 25 8F 3D 07 31 1E EA" Target="ShowData.DataPools.Default.Sequences.Neuer_Stack" Play="" Rec="">
                <TimeRange Guid="0B A7 6D E0 47 03 44 DF 84 D8 96 D6 E9 31 CE 85" Duration="To End" Play="" Rec="">
                    <CmdSubTrack>
                        <CmdEvent Name="" Time="0.10" CueDestination="teppich">
                            <RealtimeCmd Type="Key" Source="Original" UserProfile="1" User="1" Status="On" IsRealtime="0" IsXFade="0" IgnoreFollow="0" IgnoreCommand="0" Assert="0" IgnoreNetwork="0" FromTriggerNode="0" IgnoreExecTime="0" IssuedByTimecode="0" FromLocalHardwareFader="1" IgnoreExecXFade="0" IsExecXFade="0" Object="ShowData.DataPools.Default.Sequences.Neuer_Stack" ExecToken="Goto" ValCueDestination="Default.Sequences.Neuer_Stack.teppich"/>
                        </CmdEvent>
                        <CmdEvent Name="" Time="0.52" CueDestination="teppich_1">
                            <RealtimeCmd Type="Key" Source="Original" UserProfile="1" User="1" Status="On" IsRealtime="0" IsXFade="0" IgnoreFollow="0" IgnoreCommand="0" Assert="0" IgnoreNetwork="0" FromTriggerNode="0" IgnoreExecTime="0" IssuedByTimecode="0" FromLocalHardwareFader="1" IgnoreExecXFade="0" IsExecXFade="0" Object="ShowData.DataPools.Default.Sequences.Neuer_Stack" ExecToken="Goto" ValCueDestination="Default.Sequences.Neuer_Stack.teppich_1"/>
                        </CmdEvent>
                        <CmdEvent Name="" Time="0.94" CueDestination="teppich_2">
                            <RealtimeCmd Type="Key" Source="Original" UserProfile="1" User="1" Status="On" IsRealtime="0" IsXFade="0" IgnoreFollow="0" IgnoreCommand="0" Assert="0" IgnoreNetwork="0" FromTriggerNode="0" IgnoreExecTime="0" IssuedByTimecode="0" FromLocalHardwareFader="1" IgnoreExecXFade="0" IsExecXFade="0" Object="ShowData.DataPools.Default.Sequences.Neuer_Stack" ExecToken="Goto" ValCueDestination="Default.Sequences.Neuer_Stack.teppich_2"/>
                        </CmdEvent>
                        <CmdEvent Name="" Time="1.45" CueDestination="buildup">
                            <RealtimeCmd Type="Key" Source="Original" UserProfile="1" User="1" Status="On" IsRealtime="0" IsXFade="0" IgnoreFollow="0" IgnoreCommand="0" Assert="0" IgnoreNetwork="0" FromTriggerNode="0" IgnoreExecTime="0" IssuedByTimecode="0" FromLocalHardwareFader="1" IgnoreExecXFade="0" IsExecXFade="0" Object="ShowData.DataPools.Default.Sequences.Neuer_Stack" ExecToken="Goto" ValCueDestination="Default.Sequences.Neuer_Stack.buildup"/>
                        </CmdEvent>
                        <CmdEvent Name="" Time="1.96" CueDestination="buildup_1">
                            <RealtimeCmd Type="Key" Source="Original" UserProfile="1" User="1" Status="On" IsRealtime="0" IsXFade="0" IgnoreFollow="0" IgnoreCommand="0" Assert="0" IgnoreNetwork="0" FromTriggerNode="0" IgnoreExecTime="0" IssuedByTimecode="0" FromLocalHardwareFader="1" IgnoreExecXFade="0" IsExecXFade="0" Object="ShowData.DataPools.Default.Sequences.Neuer_Stack" ExecToken="Goto" ValCueDestination="Default.Sequences.Neuer_Stack.buildup_1"/>
                        </CmdEvent>
                        <CmdEvent Name="" Time="2.52" CueDestination="buildup_2">
                            <RealtimeCmd Type="Key" Source="Original" UserProfile="1" User="1" Status="On" IsRealtime="0" IsXFade="0" IgnoreFollow="0" IgnoreCommand="0" Assert="0" IgnoreNetwork="0" FromTriggerNode="0" IgnoreExecTime="0" IssuedByTimecode="0" FromLocalHardwareFader="1" IgnoreExecXFade="0" IsExecXFade="0" Object="ShowData.DataPools.Default.Sequences.Neuer_Stack" ExecToken="Goto" ValCueDestination="Default.Sequences.Neuer_Stack.buildup_2"/>
                        </CmdEvent>
                        <CmdEvent Name="" Time="3.03" CueDestination="drop">
                            <RealtimeCmd Type="Key" Source="Original" UserProfile="1" User="1" Status="On" IsRealtime="0" IsXFade="0" IgnoreFollow="0" IgnoreCommand="0" Assert="0" IgnoreNetwork="0" FromTriggerNode="0" IgnoreExecTime="0" IssuedByTimecode="0" FromLocalHardwareFader="1" IgnoreExecXFade="0" IsExecXFade="0" Object="ShowData.DataPools.Default.Sequences.Neuer_Stack" ExecToken="Goto" ValCueDestination="Default.Sequences.Neuer_Stack.drop"/>
                        </CmdEvent>
                        <CmdEvent Name="" Time="3.56" CueDestination="drop_1">
                            <RealtimeCmd Type="Key" Source="Original" UserProfile="1" User="1" Status="On" IsRealtime="0" IsXFade="0" IgnoreFollow="0" IgnoreCommand="0" Assert="0" IgnoreNetwork="0" FromTriggerNode="0" IgnoreExecTime="0" IssuedByTimecode="0" FromLocalHardwareFader="1" IgnoreExecXFade="0" IsExecXFade="0" Object="ShowData.DataPools.Default.Sequences.Neuer_Stack" ExecToken="Goto" ValCueDestination="Default.Sequences.Neuer_Stack.drop_1"/>
                        </CmdEvent>
                        <CmdEvent Name="" Time="4.09" CueDestination="drop_2">
                            <RealtimeCmd Type="Key" Source="Original" UserProfile="1" User="1" Status="On" IsRealtime="0" IsXFade="0" IgnoreFollow="0" IgnoreCommand="0" Assert="0" IgnoreNetwork="0" FromTriggerNode="0" IgnoreExecTime="0" IssuedByTimecode="0" FromLocalHardwareFader="1" IgnoreExecXFade="0" IsExecXFade="0" Object="ShowData.DataPools.Default.Sequences.Neuer_Stack" ExecToken="Goto" ValCueDestination="Default.Sequences.Neuer_Stack.drop_2"/>
                        </CmdEvent>
                        <CmdEvent Name="" Time="4.63" CueDestination="drop_3">
                            <RealtimeCmd Type="Key" Source="Original" UserProfile="1" User="1" Status="On" IsRealtime="0" IsXFade="0" IgnoreFollow="0" IgnoreCommand="0" Assert="0" IgnoreNetwork="0" FromTriggerNode="0" IgnoreExecTime="0" IssuedByTimecode="0" FromLocalHardwareFader="1" IgnoreExecXFade="0" IsExecXFade="0" Object="ShowData.DataPools.Default.Sequences.Neuer_Stack" ExecToken="Goto" ValCueDestination="Default.Sequences.Neuer_Stack.drop_3"/>
                        </CmdEvent>
                    </CmdSubTrack>
                </TimeRange>
            </Track>
        </TrackGroup>
    </Timecode>
</GMA3>
