<?xml version="1.0" encoding="UTF-8"?>
<GMA3 DataVersion="2.3.1.1">
    <Sequence Name="Additional_2509145_01" Guid="6D 80 63 F2 2C BB 4E 3A B9 D7 79 DC BD A3 AF E8" Appearance="TC_Color_4d08d9" AutoStart="Yes" AutoStop="Yes" AutoFix="No" AutoStomp="No" SoftLTP="Yes" XFadeReload="No" SwapProtect="No" KillProtect="No" UseExecutorTime="Yes" OffwhenOverridden="Yes" SequMIB="Enabled" AutoPrePos="No" WrapAround="Yes" MasterGoMode="None" SpeedfromRate="No" Tracking="Yes" IncludeLinkLastGo="Yes" RateScale="One" SpeedScale="One" PreferCueAppearance="No" ExecutorDisplayMode="Both" Action="Toggle">
        <DependencyExport Size="1">
            <Dependency RelAddr="ShowData.Appearances.TC_Color_4d08d9">
                <Appearance Name="TC_Color_4d08d9" Guid="88 9D 8A 60 08 C3 44 5B 85 31 51 6B C9 00 36 29" Color="1.0000000000,1.0000000000,1.0000000000,1.0000000000" BackR="77" BackG="8" BackB="217" BackAlpha="255"/>
            </Dependency>
        </DependencyExport>
        <Cue Name="OffCue" Release="Yes" Assert="Assert" AllowDuplicates="" TrigType="">
            <Part Guid="9A 67 B5 FB 4B B5 43 F2 98 64 48 E6 94 60 19 69" AlignRangeX="No" AlignRangeY="No" AlignRangeZ="No" PreserveGridPositions="No" MAgic="No" Mode="0" Action="Pool Default"/>
        </Cue>
        <Cue Name="CueZero" No="0">
            <Part Guid="74 04 50 2B 0E 26 4C CC B3 44 E0 4E FD 80 B8 6D" AlignRangeX="No" AlignRangeY="No" AlignRangeZ="No" PreserveGridPositions="No" MAgic="No" Mode="0" Action="Pool Default"/>
        </Cue>
        <Cue Name="buildup" No="1" AllowDuplicates="">
            <Part Name="buildup" Guid="FE 2C CB F1 9D 12 4D D4 9F B2 11 0C 3A 61 7B BC" AlignRangeX="No" AlignRangeY="No" AlignRangeZ="No" PreserveGridPositions="No" MAgic="No" Mode="0" Action="Pool Default" Sync="" Morph="" CueInFade="0"/>
        </Cue>
        <Cue Name="drop" No="2" AllowDuplicates="">
            <Part Name="drop" Guid="D9 AE 5F 6C DE 6F 4D 41 89 3C D6 A0 2D 87 D3 2D" AlignRangeX="No" AlignRangeY="No" AlignRangeZ="No" PreserveGridPositions="No" MAgic="No" Mode="0" Action="Pool Default" Sync="" Morph="" CueInFade="0"/>
        </Cue>
        <Cue Name="drop_1" No="3" AllowDuplicates="">
            <Part Name="drop_1" Guid="8C BC 70 E9 58 93 41 FB A4 12 AC C7 03 C5 35 85" AlignRangeX="No" AlignRangeY="No" AlignRangeZ="No" PreserveGridPositions="No" MAgic="No" Mode="0" Action="Pool Default" Sync="" Morph="" CueInFade="0"/>
        </Cue>
        <Cue Name="drop_2" No="4" AllowDuplicates="">
            <Part Name="drop_2" Guid="8B 74 C8 5B 29 CE 46 B9 A7 4D 1C 0F CA C3 6B 67" AlignRangeX="No" AlignRangeY="No" AlignRangeZ="No" PreserveGridPositions="No" MAgic="No" Mode="0" Action="Pool Default" Sync="" Morph="" CueInFade="0"/>
        </Cue>
        <Cue Name="drop_3" No="5" AllowDuplicates="">
            <Part Name="drop_3" Guid="E5 83 25 4D 6B 29 42 7B B4 74 15 B8 4E CE AD 36" AlignRangeX="No" AlignRangeY="No" AlignRangeZ="No" PreserveGridPositions="No" MAgic="No" Mode="0" Action="Pool Default" Sync="" Morph="" CueInFade="0"/>
        </Cue>
    </Sequence>
    <Sequence Name="Additional" Guid="C5 54 F5 BE 11 DA 44 0C 86 0A 9A FB 4C D0 A0 B7" Appearance="" AutoStart="Yes" AutoStop="Yes" AutoFix="No" AutoStomp="No" SoftLTP="Yes" XFadeReload="No" SwapProtect="No" KillProtect="No" UseExecutorTime="Yes" OffwhenOverridden="Yes" SequMIB="Enabled" AutoPrePos="No" WrapAround="Yes" MasterGoMode="None" SpeedfromRate="No" Tracking="Yes" IncludeLinkLastGo="Yes" RateScale="One" SpeedScale="One" PreferCueAppearance="No" ExecutorDisplayMode="Both" Action="Toggle">
        <Cue Name="OffCue" Release="Yes" Assert="Assert" AllowDuplicates="" TrigType="">
            <Part Guid="02 FD 6A 80 4D E2 41 35 A8 DD 99 24 91 78 6D 57" AlignRangeX="No" AlignRangeY="No" AlignRangeZ="No" PreserveGridPositions="No" MAgic="No" Mode="0" Action="Pool Default"/>
        </Cue>
        <Cue Name="CueZero" No="0">
            <Part Guid="1B CF 21 4C 47 DF 47 BE 8C 6E 33 77 8C 6F 23 02" AlignRangeX="No" AlignRangeY="No" AlignRangeZ="No" PreserveGridPositions="No" MAgic="No" Mode="0" Action="Pool Default"/>
        </Cue>
        <Cue Name="teppich" No="1" AllowDuplicates="">
            <Part Name="teppich" Guid="2B A8 1E 91 FD 47 43 2D 9B B9 EB A9 F7 40 62 55" AlignRangeX="No" AlignRangeY="No" AlignRangeZ="No" PreserveGridPositions="No" MAgic="No" Mode="0" Action="Pool Default" Sync="" Morph="" CueInFade="0"/>
        </Cue>
        <Cue Name="teppich_1" No="2" AllowDuplicates="">
            <Part Name="teppich_1" Guid="D9 2C 42 F3 5D 00 48 FA 99 21 D5 7C AA 65 D9 EE" AlignRangeX="No" AlignRangeY="No" AlignRangeZ="No" PreserveGridPositions="No" MAgic="No" Mode="0" Action="Pool Default" Sync="" Morph="" CueInFade="0"/>
        </Cue>
        <Cue Name="teppich_2" No="3" AllowDuplicates="">
            <Part Name="teppich_2" Guid="AD D8 3A 82 D4 37 45 E4 AC 65 3E A2 70 0A 74 5C" AlignRangeX="No" AlignRangeY="No" AlignRangeZ="No" PreserveGridPositions="No" MAgic="No" Mode="0" Action="Pool Default" Sync="" Morph="" CueInFade="0"/>
        </Cue>
        <Cue Name="buildup" No="4" AllowDuplicates="">
            <Part Name="buildup" Guid="60 34 02 67 08 49 4F 71 AD 92 64 F2 1C 07 10 84" AlignRangeX="No" AlignRangeY="No" AlignRangeZ="No" PreserveGridPositions="No" MAgic="No" Mode="0" Action="Pool Default" Sync="" Morph="" CueInFade="0"/>
        </Cue>
        <Cue Name="buildup_1" No="5" AllowDuplicates="">
            <Part Name="buildup_1" Guid="8E 3B DF 1F 83 65 42 32 A0 17 DB E1 B8 8E 94 64" AlignRangeX="No" AlignRangeY="No" AlignRangeZ="No" PreserveGridPositions="No" MAgic="No" Mode="0" Action="Pool Default" Sync="" Morph="" CueInFade="0"/>
        </Cue>
    </Sequence>
    <Sequence Name="Neuer_Stack" Guid="92 79 A5 CC AA FB 44 76 BC 7E A2 56 34 9A 90 AB" Appearance="TC_Color_ff0000" AutoStart="Yes" AutoStop="Yes" AutoFix="No" AutoStomp="No" SoftLTP="Yes" XFadeReload="No" SwapProtect="No" KillProtect="No" UseExecutorTime="Yes" OffwhenOverridden="Yes" SequMIB="Enabled" AutoPrePos="No" WrapAround="Yes" MasterGoMode="None" SpeedfromRate="No" Tracking="Yes" IncludeLinkLastGo="Yes" RateScale="One" SpeedScale="One" PreferCueAppearance="No" ExecutorDisplayMode="Both" Action="Toggle">
        <DependencyExport Size="1">
            <Dependency RelAddr="ShowData.Appearances.TC_Color_ff0000">
                <Appearance Name="TC_Color_ff0000" Guid="44 87 BE 1F D2 76 4F 9D 8F F4 89 31 71 35 43 75" Color="1.0000000000,1.0000000000,1.0000000000,1.0000000000" BackR="255" BackG="0" BackB="0" BackAlpha="255"/>
            </Dependency>
        </DependencyExport>
        <Cue Name="OffCue" Release="Yes" Assert="Assert" AllowDuplicates="" TrigType="">
            <Part Guid="61 94 53 99 8E 56 4A 8E 82 0F 9A 43 9D FA A8 F1" AlignRangeX="No" AlignRangeY="No" AlignRangeZ="No" PreserveGridPositions="No" MAgic="No" Mode="0" Action="Pool Default"/>
        </Cue>
        <Cue Name="CueZero" No="0">
            <Part Guid="AA 39 E9 8C A3 F7 48 DD B9 95 A4 16 98 BA D3 FB" AlignRangeX="No" AlignRangeY="No" AlignRangeZ="No" PreserveGridPositions="No" MAgic="No" Mode="0" Action="Pool Default"/>
        </Cue>
        <Cue Name="teppich" No="1" AllowDuplicates="">
            <Part Name="teppich" Guid="5C 73 81 D2 62 34 4B 68 93 71 6A 66 39 32 DD 41" AlignRangeX="No" AlignRangeY="No" AlignRangeZ="No" PreserveGridPositions="No" MAgic="No" Mode="0" Action="Pool Default" Sync="" Morph="" CueInFade="0"/>
        </Cue>
        <Cue Name="teppich_1" No="2" AllowDuplicates="">
            <Part Name="teppich_1" Guid="D5 58 A7 FF BF 0F 47 E9 B6 8A CD D4 DE CE 00 69" AlignRangeX="No" AlignRangeY="No" AlignRangeZ="No" PreserveGridPositions="No" MAgic="No" Mode="0" Action="Pool Default" Sync="" Morph="" CueInFade="0"/>
        </Cue>
        <Cue Name="teppich_2" No="3" AllowDuplicates="">
            <Part Name="teppich_2" Guid="B7 16 0A 64 E9 2E 4D 01 88 BE 7B 65 ED 7C E2 8C" AlignRangeX="No" AlignRangeY="No" AlignRangeZ="No" PreserveGridPositions="No" MAgic="No" Mode="0" Action="Pool Default" Sync="" Morph="" CueInFade="0"/>
        </Cue>
        <Cue Name="buildup" No="4" AllowDuplicates="">
            <Part Name="buildup" Guid="B0 F9 58 82 AC 08 48 BD A3 A4 89 9A B6 05 3B A6" AlignRangeX="No" AlignRangeY="No" AlignRangeZ="No" PreserveGridPositions="No" MAgic="No" Mode="0" Action="Pool Default" Sync="" Morph="" CueInFade="0"/>
        </Cue>
        <Cue Name="buildup_1" No="5" AllowDuplicates="">
            <Part Name="buildup_1" Guid="48 48 70 29 34 4B 48 D2 90 A1 E6 37 73 68 1B 5A" AlignRangeX="No" AlignRangeY="No" AlignRangeZ="No" PreserveGridPositions="No" MAgic="No" Mode="0" Action="Pool Default" Sync="" Morph="" CueInFade="0"/>
        </Cue>
        <Cue Name="buildup_2" No="6" AllowDuplicates="">
            <Part Name="buildup_2" Guid="A3 DA 7F 95 3E 9F 42 83 9F D0 3C 63 C5 5C E1 3A" AlignRangeX="No" AlignRangeY="No" AlignRangeZ="No" PreserveGridPositions="No" MAgic="No" Mode="0" Action="Pool Default" Sync="" Morph="" CueInFade="0"/>
        </Cue>
        <Cue Name="drop" No="7" AllowDuplicates="">
            <Part Name="drop" Guid="A7 E6 88 2B 99 AE 48 1B 95 B0 F6 47 64 71 17 AF" AlignRangeX="No" AlignRangeY="No" AlignRangeZ="No" PreserveGridPositions="No" MAgic="No" Mode="0" Action="Pool Default" Sync="" Morph="" CueInFade="0"/>
        </Cue>
        <Cue Name="drop_1" No="8" AllowDuplicates="">
            <Part Name="drop_1" Guid="97 9F FF DB 19 F2 42 ED B6 10 9A 47 15 DC 57 AB" AlignRangeX="No" AlignRangeY="No" AlignRangeZ="No" PreserveGridPositions="No" MAgic="No" Mode="0" Action="Pool Default" Sync="" Morph="" CueInFade="0"/>
        </Cue>
        <Cue Name="drop_2" No="9" AllowDuplicates="">
            <Part Name="drop_2" Guid="4A DD 85 B5 B2 15 4F FB 86 09 A4 AC EA 20 6D 3B" AlignRangeX="No" AlignRangeY="No" AlignRangeZ="No" PreserveGridPositions="No" MAgic="No" Mode="0" Action="Pool Default" Sync="" Morph="" CueInFade="0"/>
        </Cue>
        <Cue Name="drop_3" No="10" AllowDuplicates="">
            <Part Name="drop_3" Guid="20 51 F7 FA BD 83 48 1B 9B DE 89 44 58 1A 0F 76" AlignRangeX="No" AlignRangeY="No" AlignRangeZ="No" PreserveGridPositions="No" MAgic="No" Mode="0" Action="Pool Default" Sync="" Morph="" CueInFade="0"/>
        </Cue>
    </Sequence>
</GMA3>
