<?xml version="1.0" encoding="UTF-8"?>
<GMA3 DataVersion="2.3.1.1">
    <Timecode Name="250914_01" Guid="68 C1 F1 5E B1 82 4E 4C 83 75 C7 A0 53 F1 14 95" Cursor="0.0" Duration="242.36" LoopCount="0" TCSlot="-1" AutoStop="No" SwitchOff="Keep Playbacks" TimeDisplayFormat="Default" FrameReadout="Seconds">
        <TrackGroup Play="" Rec="">
            <MarkerTrack Name="Marker" Guid="FB 3E 03 1E 01 9F 4D 9F 88 B6 6A 1E 44 73 8A 58"/>
            <Track Name="Additional_2509145_01" Guid="39 5B D4 F0 E0 36 4A D9 84 15 03 E9 B3 F4 14 5A" Target="ShowData.DataPools.Default.Sequences.Additional_2509145_01" Play="" Rec="">
                <TimeRange Guid="69 7F B8 1B D5 04 42 58 BF A2 09 85 7F 44 77 33" Duration="To End" Play="" Rec="">
                    <CmdSubTrack>
                        <CmdEvent Name="" Time="2.52" CueDestination="buildup">
                            <RealtimeCmd Type="Key" Source="Original" UserProfile="1" User="1" Status="On" IsRealtime="0" IsXFade="0" IgnoreFollow="0" IgnoreCommand="0" Assert="0" IgnoreNetwork="0" FromTriggerNode="0" IgnoreExecTime="0" IssuedByTimecode="0" FromLocalHardwareFader="1" IgnoreExecXFade="0" IsExecXFade="0" Object="ShowData.DataPools.Default.Sequences.Additional_2509145_01" ExecToken="Goto" ValCueDestination="Default.Sequences.Additional_2509145_01.buildup"/>
                        </CmdEvent>
                        <CmdEvent Name="" Time="3.03" CueDestination="drop">
                            <RealtimeCmd Type="Key" Source="Original" UserProfile="1" User="1" Status="On" IsRealtime="0" IsXFade="0" IgnoreFollow="0" IgnoreCommand="0" Assert="0" IgnoreNetwork="0" FromTriggerNode="0" IgnoreExecTime="0" IssuedByTimecode="0" FromLocalHardwareFader="1" IgnoreExecXFade="0" IsExecXFade="0" Object="ShowData.DataPools.Default.Sequences.Additional_2509145_01" ExecToken="Goto" ValCueDestination="Default.Sequences.Additional_2509145_01.drop"/>
                        </CmdEvent>
                        <CmdEvent Name="" Time="3.56" CueDestination="drop_1">
                            <RealtimeCmd Type="Key" Source="Original" UserProfile="1" User="1" Status="On" IsRealtime="0" IsXFade="0" IgnoreFollow="0" IgnoreCommand="0" Assert="0" IgnoreNetwork="0" FromTriggerNode="0" IgnoreExecTime="0" IssuedByTimecode="0" FromLocalHardwareFader="1" IgnoreExecXFade="0" IsExecXFade="0" Object="ShowData.DataPools.Default.Sequences.Additional_2509145_01" ExecToken="Goto" ValCueDestination="Default.Sequences.Additional_2509145_01.drop_1"/>
                        </CmdEvent>
                        <CmdEvent Name="" Time="4.09" CueDestination="drop_2">
                            <RealtimeCmd Type="Key" Source="Original" UserProfile="1" User="1" Status="On" IsRealtime="0" IsXFade="0" IgnoreFollow="0" IgnoreCommand="0" Assert="0" IgnoreNetwork="0" FromTriggerNode="0" IgnoreExecTime="0" IssuedByTimecode="0" FromLocalHardwareFader="1" IgnoreExecXFade="0" IsExecXFade="0" Object="ShowData.DataPools.Default.Sequences.Additional_2509145_01" ExecToken="Goto" ValCueDestination="Default.Sequences.Additional_2509145_01.drop_2"/>
                        </CmdEvent>
                        <CmdEvent Name="" Time="4.63" CueDestination="drop_3">
                            <RealtimeCmd Type="Key" Source="Original" UserProfile="1" User="1" Status="On" IsRealtime="0" IsXFade="0" IgnoreFollow="0" IgnoreCommand="0" Assert="0" IgnoreNetwork="0" FromTriggerNode="0" IgnoreExecTime="0" IssuedByTimecode="0" FromLocalHardwareFader="1" IgnoreExecXFade="0" IsExecXFade="0" Object="ShowData.DataPools.Default.Sequences.Additional_2509145_01" ExecToken="Goto" ValCueDestination="Default.Sequences.Additional_2509145_01.drop_3"/>
                        </CmdEvent>
                    </CmdSubTrack>
                </TimeRange>
            </Track>
            <Track Name="Additional" Guid="87 B3 36 03 58 3F 4A E5 86 55 19 8D EE EA B4 92" Target="ShowData.DataPools.Default.Sequences.Additional" Play="" Rec="">
                <TimeRange Guid="AC 38 AF 55 0C EC 48 3F 85 8E BE 0D AE CC 5A 90" Duration="To End" Play="" Rec="">
                    <CmdSubTrack>
                        <CmdEvent Name="" Time="0.10" CueDestination="teppich">
                            <RealtimeCmd Type="Key" Source="Original" UserProfile="1" User="1" Status="On" IsRealtime="0" IsXFade="0" IgnoreFollow="0" IgnoreCommand="0" Assert="0" IgnoreNetwork="0" FromTriggerNode="0" IgnoreExecTime="0" IssuedByTimecode="0" FromLocalHardwareFader="1" IgnoreExecXFade="0" IsExecXFade="0" Object="ShowData.DataPools.Default.Sequences.Additional" ExecToken="Goto" ValCueDestination="Default.Sequences.Additional.teppich"/>
                        </CmdEvent>
                        <CmdEvent Name="" Time="0.52" CueDestination="teppich_1">
                            <RealtimeCmd Type="Key" Source="Original" UserProfile="1" User="1" Status="On" IsRealtime="0" IsXFade="0" IgnoreFollow="0" IgnoreCommand="0" Assert="0" IgnoreNetwork="0" FromTriggerNode="0" IgnoreExecTime="0" IssuedByTimecode="0" FromLocalHardwareFader="1" IgnoreExecXFade="0" IsExecXFade="0" Object="ShowData.DataPools.Default.Sequences.Additional" ExecToken="Goto" ValCueDestination="Default.Sequences.Additional.teppich_1"/>
                        </CmdEvent>
                        <CmdEvent Name="" Time="0.94" CueDestination="teppich_2">
                            <RealtimeCmd Type="Key" Source="Original" UserProfile="1" User="1" Status="On" IsRealtime="0" IsXFade="0" IgnoreFollow="0" IgnoreCommand="0" Assert="0" IgnoreNetwork="0" FromTriggerNode="0" IgnoreExecTime="0" IssuedByTimecode="0" FromLocalHardwareFader="1" IgnoreExecXFade="0" IsExecXFade="0" Object="ShowData.DataPools.Default.Sequences.Additional" ExecToken="Goto" ValCueDestination="Default.Sequences.Additional.teppich_2"/>
                        </CmdEvent>
                        <CmdEvent Name="" Time="1.45" CueDestination="buildup">
                            <RealtimeCmd Type="Key" Source="Original" UserProfile="1" User="1" Status="On" IsRealtime="0" IsXFade="0" IgnoreFollow="0" IgnoreCommand="0" Assert="0" IgnoreNetwork="0" FromTriggerNode="0" IgnoreExecTime="0" IssuedByTimecode="0" FromLocalHardwareFader="1" IgnoreExecXFade="0" IsExecXFade="0" Object="ShowData.DataPools.Default.Sequences.Additional" ExecToken="Goto" ValCueDestination="Default.Sequences.Additional.buildup"/>
                        </CmdEvent>
                        <CmdEvent Name="" Time="1.96" CueDestination="buildup_1">
                            <RealtimeCmd Type="Key" Source="Original" UserProfile="1" User="1" Status="On" IsRealtime="0" IsXFade="0" IgnoreFollow="0" IgnoreCommand="0" Assert="0" IgnoreNetwork="0" FromTriggerNode="0" IgnoreExecTime="0" IssuedByTimecode="0" FromLocalHardwareFader="1" IgnoreExecXFade="0" IsExecXFade="0" Object="ShowData.DataPools.Default.Sequences.Additional" ExecToken="Goto" ValCueDestination="Default.Sequences.Additional.buildup_1"/>
                        </CmdEvent>
                    </CmdSubTrack>
                </TimeRange>
            </Track>
            <Track Name="Neuer_Stack" Guid="F2 13 98 CC D5 DB 49 4E BE D6 84 23 E0 F5 DF 61" Target="ShowData.DataPools.Default.Sequences.Neuer_Stack" Play="" Rec="">
                <TimeRange Guid="1E 83 85 CC A5 D3 48 77 97 B5 26 4B F2 E3 C6 13" Duration="To End" Play="" Rec="">
                    <CmdSubTrack>
                        <CmdEvent Name="" Time="0.10" CueDestination="teppich">
                            <RealtimeCmd Type="Key" Source="Original" UserProfile="1" User="1" Status="On" IsRealtime="0" IsXFade="0" IgnoreFollow="0" IgnoreCommand="0" Assert="0" IgnoreNetwork="0" FromTriggerNode="0" IgnoreExecTime="0" IssuedByTimecode="0" FromLocalHardwareFader="1" IgnoreExecXFade="0" IsExecXFade="0" Object="ShowData.DataPools.Default.Sequences.Neuer_Stack" ExecToken="Goto" ValCueDestination="Default.Sequences.Neuer_Stack.teppich"/>
                        </CmdEvent>
                        <CmdEvent Name="" Time="0.52" CueDestination="teppich_1">
                            <RealtimeCmd Type="Key" Source="Original" UserProfile="1" User="1" Status="On" IsRealtime="0" IsXFade="0" IgnoreFollow="0" IgnoreCommand="0" Assert="0" IgnoreNetwork="0" FromTriggerNode="0" IgnoreExecTime="0" IssuedByTimecode="0" FromLocalHardwareFader="1" IgnoreExecXFade="0" IsExecXFade="0" Object="ShowData.DataPools.Default.Sequences.Neuer_Stack" ExecToken="Goto" ValCueDestination="Default.Sequences.Neuer_Stack.teppich_1"/>
                        </CmdEvent>
                        <CmdEvent Name="" Time="0.94" CueDestination="teppich_2">
                            <RealtimeCmd Type="Key" Source="Original" UserProfile="1" User="1" Status="On" IsRealtime="0" IsXFade="0" IgnoreFollow="0" IgnoreCommand="0" Assert="0" IgnoreNetwork="0" FromTriggerNode="0" IgnoreExecTime="0" IssuedByTimecode="0" FromLocalHardwareFader="1" IgnoreExecXFade="0" IsExecXFade="0" Object="ShowData.DataPools.Default.Sequences.Neuer_Stack" ExecToken="Goto" ValCueDestination="Default.Sequences.Neuer_Stack.teppich_2"/>
                        </CmdEvent>
                        <CmdEvent Name="" Time="1.45" CueDestination="buildup">
                            <RealtimeCmd Type="Key" Source="Original" UserProfile="1" User="1" Status="On" IsRealtime="0" IsXFade="0" IgnoreFollow="0" IgnoreCommand="0" Assert="0" IgnoreNetwork="0" FromTriggerNode="0" IgnoreExecTime="0" IssuedByTimecode="0" FromLocalHardwareFader="1" IgnoreExecXFade="0" IsExecXFade="0" Object="ShowData.DataPools.Default.Sequences.Neuer_Stack" ExecToken="Goto" ValCueDestination="Default.Sequences.Neuer_Stack.buildup"/>
                        </CmdEvent>
                        <CmdEvent Name="" Time="1.96" CueDestination="buildup_1">
                            <RealtimeCmd Type="Key" Source="Original" UserProfile="1" User="1" Status="On" IsRealtime="0" IsXFade="0" IgnoreFollow="0" IgnoreCommand="0" Assert="0" IgnoreNetwork="0" FromTriggerNode="0" IgnoreExecTime="0" IssuedByTimecode="0" FromLocalHardwareFader="1" IgnoreExecXFade="0" IsExecXFade="0" Object="ShowData.DataPools.Default.Sequences.Neuer_Stack" ExecToken="Goto" ValCueDestination="Default.Sequences.Neuer_Stack.buildup_1"/>
                        </CmdEvent>
                        <CmdEvent Name="" Time="2.52" CueDestination="buildup_2">
                            <RealtimeCmd Type="Key" Source="Original" UserProfile="1" User="1" Status="On" IsRealtime="0" IsXFade="0" IgnoreFollow="0" IgnoreCommand="0" Assert="0" IgnoreNetwork="0" FromTriggerNode="0" IgnoreExecTime="0" IssuedByTimecode="0" FromLocalHardwareFader="1" IgnoreExecXFade="0" IsExecXFade="0" Object="ShowData.DataPools.Default.Sequences.Neuer_Stack" ExecToken="Goto" ValCueDestination="Default.Sequences.Neuer_Stack.buildup_2"/>
                        </CmdEvent>
                        <CmdEvent Name="" Time="3.03" CueDestination="drop">
                            <RealtimeCmd Type="Key" Source="Original" UserProfile="1" User="1" Status="On" IsRealtime="0" IsXFade="0" IgnoreFollow="0" IgnoreCommand="0" Assert="0" IgnoreNetwork="0" FromTriggerNode="0" IgnoreExecTime="0" IssuedByTimecode="0" FromLocalHardwareFader="1" IgnoreExecXFade="0" IsExecXFade="0" Object="ShowData.DataPools.Default.Sequences.Neuer_Stack" ExecToken="Goto" ValCueDestination="Default.Sequences.Neuer_Stack.drop"/>
                        </CmdEvent>
                        <CmdEvent Name="" Time="3.56" CueDestination="drop_1">
                            <RealtimeCmd Type="Key" Source="Original" UserProfile="1" User="1" Status="On" IsRealtime="0" IsXFade="0" IgnoreFollow="0" IgnoreCommand="0" Assert="0" IgnoreNetwork="0" FromTriggerNode="0" IgnoreExecTime="0" IssuedByTimecode="0" FromLocalHardwareFader="1" IgnoreExecXFade="0" IsExecXFade="0" Object="ShowData.DataPools.Default.Sequences.Neuer_Stack" ExecToken="Goto" ValCueDestination="Default.Sequences.Neuer_Stack.drop_1"/>
                        </CmdEvent>
                        <CmdEvent Name="" Time="4.09" CueDestination="drop_2">
                            <RealtimeCmd Type="Key" Source="Original" UserProfile="1" User="1" Status="On" IsRealtime="0" IsXFade="0" IgnoreFollow="0" IgnoreCommand="0" Assert="0" IgnoreNetwork="0" FromTriggerNode="0" IgnoreExecTime="0" IssuedByTimecode="0" FromLocalHardwareFader="1" IgnoreExecXFade="0" IsExecXFade="0" Object="ShowData.DataPools.Default.Sequences.Neuer_Stack" ExecToken="Goto" ValCueDestination="Default.Sequences.Neuer_Stack.drop_2"/>
                        </CmdEvent>
                        <CmdEvent Name="" Time="4.63" CueDestination="drop_3">
                            <RealtimeCmd Type="Key" Source="Original" UserProfile="1" User="1" Status="On" IsRealtime="0" IsXFade="0" IgnoreFollow="0" IgnoreCommand="0" Assert="0" IgnoreNetwork="0" FromTriggerNode="0" IgnoreExecTime="0" IssuedByTimecode="0" FromLocalHardwareFader="1" IgnoreExecXFade="0" IsExecXFade="0" Object="ShowData.DataPools.Default.Sequences.Neuer_Stack" ExecToken="Goto" ValCueDestination="Default.Sequences.Neuer_Stack.drop_3"/>
                        </CmdEvent>
                    </CmdSubTrack>
                </TimeRange>
            </Track>
        </TrackGroup>
    </Timecode>
</GMA3>
