<?xml version="1.0" encoding="UTF-8"?>
<GMA3 DataVersion="2.3.1.1">
    <Timecode Name="250914_01" Guid="8D 0C 86 D2 BF 99 4A A8 A7 11 53 89 0E 7E C9 E7" Cursor="0.0" Duration="242.36" LoopCount="0" TCSlot="-1" AutoStop="No" SwitchOff="Keep Playbacks" TimeDisplayFormat="Default" FrameReadout="Seconds">
        <TrackGroup Play="" Rec="">
            <MarkerTrack Name="Marker" Guid="1C 19 7D 57 2D 30 48 3C A9 18 1E 16 52 C6 90 E6"/>
            <Track Name="Additional_2509145_01" Guid="86 0A 19 09 D3 FF 4A 29 BC 54 21 6C 1C AD 8B 96" Target="ShowData.DataPools.Default.Sequences.Additional_2509145_01" Play="" Rec="">
                <TimeRange Guid="56 4A 47 16 66 6C 41 8F A2 DE B4 9F D9 D4 C6 8A" Duration="To End" Play="" Rec="">
                    <CmdSubTrack>
                        <CmdEvent Name="" Time="2.52" CueDestination="buildup">
                            <RealtimeCmd Type="Key" Source="Original" UserProfile="1" User="1" Status="On" IsRealtime="0" IsXFade="0" IgnoreFollow="0" IgnoreCommand="0" Assert="0" IgnoreNetwork="0" FromTriggerNode="0" IgnoreExecTime="0" IssuedByTimecode="0" FromLocalHardwareFader="1" IgnoreExecXFade="0" IsExecXFade="0" Object="ShowData.DataPools.Default.Sequences.Additional_2509145_01" ExecToken="Goto" ValCueDestination="Default.Sequences.Additional_2509145_01.buildup"/>
                        </CmdEvent>
                        <CmdEvent Name="" Time="3.03" CueDestination="drop">
                            <RealtimeCmd Type="Key" Source="Original" UserProfile="1" User="1" Status="On" IsRealtime="0" IsXFade="0" IgnoreFollow="0" IgnoreCommand="0" Assert="0" IgnoreNetwork="0" FromTriggerNode="0" IgnoreExecTime="0" IssuedByTimecode="0" FromLocalHardwareFader="1" IgnoreExecXFade="0" IsExecXFade="0" Object="ShowData.DataPools.Default.Sequences.Additional_2509145_01" ExecToken="Goto" ValCueDestination="Default.Sequences.Additional_2509145_01.drop"/>
                        </CmdEvent>
                        <CmdEvent Name="" Time="3.56" CueDestination="drop_1">
                            <RealtimeCmd Type="Key" Source="Original" UserProfile="1" User="1" Status="On" IsRealtime="0" IsXFade="0" IgnoreFollow="0" IgnoreCommand="0" Assert="0" IgnoreNetwork="0" FromTriggerNode="0" IgnoreExecTime="0" IssuedByTimecode="0" FromLocalHardwareFader="1" IgnoreExecXFade="0" IsExecXFade="0" Object="ShowData.DataPools.Default.Sequences.Additional_2509145_01" ExecToken="Goto" ValCueDestination="Default.Sequences.Additional_2509145_01.drop_1"/>
                        </CmdEvent>
                        <CmdEvent Name="" Time="4.09" CueDestination="drop_2">
                            <RealtimeCmd Type="Key" Source="Original" UserProfile="1" User="1" Status="On" IsRealtime="0" IsXFade="0" IgnoreFollow="0" IgnoreCommand="0" Assert="0" IgnoreNetwork="0" FromTriggerNode="0" IgnoreExecTime="0" IssuedByTimecode="0" FromLocalHardwareFader="1" IgnoreExecXFade="0" IsExecXFade="0" Object="ShowData.DataPools.Default.Sequences.Additional_2509145_01" ExecToken="Goto" ValCueDestination="Default.Sequences.Additional_2509145_01.drop_2"/>
                        </CmdEvent>
                        <CmdEvent Name="" Time="4.63" CueDestination="drop_3">
                            <RealtimeCmd Type="Key" Source="Original" UserProfile="1" User="1" Status="On" IsRealtime="0" IsXFade="0" IgnoreFollow="0" IgnoreCommand="0" Assert="0" IgnoreNetwork="0" FromTriggerNode="0" IgnoreExecTime="0" IssuedByTimecode="0" FromLocalHardwareFader="1" IgnoreExecXFade="0" IsExecXFade="0" Object="ShowData.DataPools.Default.Sequences.Additional_2509145_01" ExecToken="Goto" ValCueDestination="Default.Sequences.Additional_2509145_01.drop_3"/>
                        </CmdEvent>
                    </CmdSubTrack>
                </TimeRange>
            </Track>
            <Track Name="Additional" Guid="53 2F 9D 33 78 50 45 ED 80 5B 56 49 7D 14 3B 6C" Target="ShowData.DataPools.Default.Sequences.Additional" Play="" Rec="">
                <TimeRange Guid="B4 EE 55 E9 B8 CC 45 04 8D D4 2A A1 8D 29 1C FA" Duration="To End" Play="" Rec="">
                    <CmdSubTrack>
                        <CmdEvent Name="" Time="0.10" CueDestination="teppich">
                            <RealtimeCmd Type="Key" Source="Original" UserProfile="1" User="1" Status="On" IsRealtime="0" IsXFade="0" IgnoreFollow="0" IgnoreCommand="0" Assert="0" IgnoreNetwork="0" FromTriggerNode="0" IgnoreExecTime="0" IssuedByTimecode="0" FromLocalHardwareFader="1" IgnoreExecXFade="0" IsExecXFade="0" Object="ShowData.DataPools.Default.Sequences.Additional" ExecToken="Goto" ValCueDestination="Default.Sequences.Additional.teppich"/>
                        </CmdEvent>
                        <CmdEvent Name="" Time="0.52" CueDestination="teppich_1">
                            <RealtimeCmd Type="Key" Source="Original" UserProfile="1" User="1" Status="On" IsRealtime="0" IsXFade="0" IgnoreFollow="0" IgnoreCommand="0" Assert="0" IgnoreNetwork="0" FromTriggerNode="0" IgnoreExecTime="0" IssuedByTimecode="0" FromLocalHardwareFader="1" IgnoreExecXFade="0" IsExecXFade="0" Object="ShowData.DataPools.Default.Sequences.Additional" ExecToken="Goto" ValCueDestination="Default.Sequences.Additional.teppich_1"/>
                        </CmdEvent>
                        <CmdEvent Name="" Time="0.94" CueDestination="teppich_2">
                            <RealtimeCmd Type="Key" Source="Original" UserProfile="1" User="1" Status="On" IsRealtime="0" IsXFade="0" IgnoreFollow="0" IgnoreCommand="0" Assert="0" IgnoreNetwork="0" FromTriggerNode="0" IgnoreExecTime="0" IssuedByTimecode="0" FromLocalHardwareFader="1" IgnoreExecXFade="0" IsExecXFade="0" Object="ShowData.DataPools.Default.Sequences.Additional" ExecToken="Goto" ValCueDestination="Default.Sequences.Additional.teppich_2"/>
                        </CmdEvent>
                        <CmdEvent Name="" Time="1.45" CueDestination="buildup">
                            <RealtimeCmd Type="Key" Source="Original" UserProfile="1" User="1" Status="On" IsRealtime="0" IsXFade="0" IgnoreFollow="0" IgnoreCommand="0" Assert="0" IgnoreNetwork="0" FromTriggerNode="0" IgnoreExecTime="0" IssuedByTimecode="0" FromLocalHardwareFader="1" IgnoreExecXFade="0" IsExecXFade="0" Object="ShowData.DataPools.Default.Sequences.Additional" ExecToken="Goto" ValCueDestination="Default.Sequences.Additional.buildup"/>
                        </CmdEvent>
                        <CmdEvent Name="" Time="1.96" CueDestination="buildup_1">
                            <RealtimeCmd Type="Key" Source="Original" UserProfile="1" User="1" Status="On" IsRealtime="0" IsXFade="0" IgnoreFollow="0" IgnoreCommand="0" Assert="0" IgnoreNetwork="0" FromTriggerNode="0" IgnoreExecTime="0" IssuedByTimecode="0" FromLocalHardwareFader="1" IgnoreExecXFade="0" IsExecXFade="0" Object="ShowData.DataPools.Default.Sequences.Additional" ExecToken="Goto" ValCueDestination="Default.Sequences.Additional.buildup_1"/>
                        </CmdEvent>
                    </CmdSubTrack>
                </TimeRange>
            </Track>
            <Track Name="Neuer_Stack" Guid="7D 38 A0 E9 6F 46 43 03 A2 41 79 E3 49 54 52 BB" Target="ShowData.DataPools.Default.Sequences.Neuer_Stack" Play="" Rec="">
                <TimeRange Guid="C9 A5 E3 20 1A 03 4F DA B3 00 43 E8 5B 12 0B E8" Duration="To End" Play="" Rec="">
                    <CmdSubTrack>
                        <CmdEvent Name="" Time="0.10" CueDestination="teppich">
                            <RealtimeCmd Type="Key" Source="Original" UserProfile="1" User="1" Status="On" IsRealtime="0" IsXFade="0" IgnoreFollow="0" IgnoreCommand="0" Assert="0" IgnoreNetwork="0" FromTriggerNode="0" IgnoreExecTime="0" IssuedByTimecode="0" FromLocalHardwareFader="1" IgnoreExecXFade="0" IsExecXFade="0" Object="ShowData.DataPools.Default.Sequences.Neuer_Stack" ExecToken="Goto" ValCueDestination="Default.Sequences.Neuer_Stack.teppich"/>
                        </CmdEvent>
                        <CmdEvent Name="" Time="0.52" CueDestination="teppich_1">
                            <RealtimeCmd Type="Key" Source="Original" UserProfile="1" User="1" Status="On" IsRealtime="0" IsXFade="0" IgnoreFollow="0" IgnoreCommand="0" Assert="0" IgnoreNetwork="0" FromTriggerNode="0" IgnoreExecTime="0" IssuedByTimecode="0" FromLocalHardwareFader="1" IgnoreExecXFade="0" IsExecXFade="0" Object="ShowData.DataPools.Default.Sequences.Neuer_Stack" ExecToken="Goto" ValCueDestination="Default.Sequences.Neuer_Stack.teppich_1"/>
                        </CmdEvent>
                        <CmdEvent Name="" Time="0.94" CueDestination="teppich_2">
                            <RealtimeCmd Type="Key" Source="Original" UserProfile="1" User="1" Status="On" IsRealtime="0" IsXFade="0" IgnoreFollow="0" IgnoreCommand="0" Assert="0" IgnoreNetwork="0" FromTriggerNode="0" IgnoreExecTime="0" IssuedByTimecode="0" FromLocalHardwareFader="1" IgnoreExecXFade="0" IsExecXFade="0" Object="ShowData.DataPools.Default.Sequences.Neuer_Stack" ExecToken="Goto" ValCueDestination="Default.Sequences.Neuer_Stack.teppich_2"/>
                        </CmdEvent>
                        <CmdEvent Name="" Time="1.45" CueDestination="buildup">
                            <RealtimeCmd Type="Key" Source="Original" UserProfile="1" User="1" Status="On" IsRealtime="0" IsXFade="0" IgnoreFollow="0" IgnoreCommand="0" Assert="0" IgnoreNetwork="0" FromTriggerNode="0" IgnoreExecTime="0" IssuedByTimecode="0" FromLocalHardwareFader="1" IgnoreExecXFade="0" IsExecXFade="0" Object="ShowData.DataPools.Default.Sequences.Neuer_Stack" ExecToken="Goto" ValCueDestination="Default.Sequences.Neuer_Stack.buildup"/>
                        </CmdEvent>
                        <CmdEvent Name="" Time="1.96" CueDestination="buildup_1">
                            <RealtimeCmd Type="Key" Source="Original" UserProfile="1" User="1" Status="On" IsRealtime="0" IsXFade="0" IgnoreFollow="0" IgnoreCommand="0" Assert="0" IgnoreNetwork="0" FromTriggerNode="0" IgnoreExecTime="0" IssuedByTimecode="0" FromLocalHardwareFader="1" IgnoreExecXFade="0" IsExecXFade="0" Object="ShowData.DataPools.Default.Sequences.Neuer_Stack" ExecToken="Goto" ValCueDestination="Default.Sequences.Neuer_Stack.buildup_1"/>
                        </CmdEvent>
                        <CmdEvent Name="" Time="2.52" CueDestination="buildup_2">
                            <RealtimeCmd Type="Key" Source="Original" UserProfile="1" User="1" Status="On" IsRealtime="0" IsXFade="0" IgnoreFollow="0" IgnoreCommand="0" Assert="0" IgnoreNetwork="0" FromTriggerNode="0" IgnoreExecTime="0" IssuedByTimecode="0" FromLocalHardwareFader="1" IgnoreExecXFade="0" IsExecXFade="0" Object="ShowData.DataPools.Default.Sequences.Neuer_Stack" ExecToken="Goto" ValCueDestination="Default.Sequences.Neuer_Stack.buildup_2"/>
                        </CmdEvent>
                        <CmdEvent Name="" Time="3.03" CueDestination="drop">
                            <RealtimeCmd Type="Key" Source="Original" UserProfile="1" User="1" Status="On" IsRealtime="0" IsXFade="0" IgnoreFollow="0" IgnoreCommand="0" Assert="0" IgnoreNetwork="0" FromTriggerNode="0" IgnoreExecTime="0" IssuedByTimecode="0" FromLocalHardwareFader="1" IgnoreExecXFade="0" IsExecXFade="0" Object="ShowData.DataPools.Default.Sequences.Neuer_Stack" ExecToken="Goto" ValCueDestination="Default.Sequences.Neuer_Stack.drop"/>
                        </CmdEvent>
                        <CmdEvent Name="" Time="3.56" CueDestination="drop_1">
                            <RealtimeCmd Type="Key" Source="Original" UserProfile="1" User="1" Status="On" IsRealtime="0" IsXFade="0" IgnoreFollow="0" IgnoreCommand="0" Assert="0" IgnoreNetwork="0" FromTriggerNode="0" IgnoreExecTime="0" IssuedByTimecode="0" FromLocalHardwareFader="1" IgnoreExecXFade="0" IsExecXFade="0" Object="ShowData.DataPools.Default.Sequences.Neuer_Stack" ExecToken="Goto" ValCueDestination="Default.Sequences.Neuer_Stack.drop_1"/>
                        </CmdEvent>
                        <CmdEvent Name="" Time="4.09" CueDestination="drop_2">
                            <RealtimeCmd Type="Key" Source="Original" UserProfile="1" User="1" Status="On" IsRealtime="0" IsXFade="0" IgnoreFollow="0" IgnoreCommand="0" Assert="0" IgnoreNetwork="0" FromTriggerNode="0" IgnoreExecTime="0" IssuedByTimecode="0" FromLocalHardwareFader="1" IgnoreExecXFade="0" IsExecXFade="0" Object="ShowData.DataPools.Default.Sequences.Neuer_Stack" ExecToken="Goto" ValCueDestination="Default.Sequences.Neuer_Stack.drop_2"/>
                        </CmdEvent>
                        <CmdEvent Name="" Time="4.63" CueDestination="drop_3">
                            <RealtimeCmd Type="Key" Source="Original" UserProfile="1" User="1" Status="On" IsRealtime="0" IsXFade="0" IgnoreFollow="0" IgnoreCommand="0" Assert="0" IgnoreNetwork="0" FromTriggerNode="0" IgnoreExecTime="0" IssuedByTimecode="0" FromLocalHardwareFader="1" IgnoreExecXFade="0" IsExecXFade="0" Object="ShowData.DataPools.Default.Sequences.Neuer_Stack" ExecToken="Goto" ValCueDestination="Default.Sequences.Neuer_Stack.drop_3"/>
                        </CmdEvent>
                    </CmdSubTrack>
                </TimeRange>
            </Track>
        </TrackGroup>
    </Timecode>
</GMA3>
