<?xml version="1.0" encoding="UTF-8"?>
<GMA3 DataVersion="2.3.1.1">
    <Sequence Name="Additional_2509145_01" Guid="6F 1A 01 35 9D BE 49 8E 90 7F B4 D4 7D 3C D2 8B" Appearance="TC_Color_4d08d9" AutoStart="Yes" AutoStop="Yes" AutoFix="No" AutoStomp="No" SoftLTP="Yes" XFadeReload="No" SwapProtect="No" KillProtect="No" UseExecutorTime="Yes" OffwhenOverridden="Yes" SequMIB="Enabled" AutoPrePos="No" WrapAround="Yes" MasterGoMode="None" SpeedfromRate="No" Tracking="Yes" IncludeLinkLastGo="Yes" RateScale="One" SpeedScale="One" PreferCueAppearance="No" ExecutorDisplayMode="Both" Action="Toggle">
        <DependencyExport Size="1">
            <Dependency RelAddr="ShowData.Appearances.TC_Color_4d08d9">
                <Appearance Name="TC_Color_4d08d9" Guid="A0 45 7B FB 2D CD 45 23 88 02 36 F0 D0 79 AB 61" Color="1.0000000000,1.0000000000,1.0000000000,1.0000000000" BackR="77" BackG="8" BackB="217" BackAlpha="255"/>
            </Dependency>
        </DependencyExport>
        <Cue Name="OffCue" Release="Yes" Assert="Assert" AllowDuplicates="" TrigType="">
            <Part Guid="03 C6 F9 58 DD 19 4C 37 B3 C3 1E EA 18 0B 71 DD" AlignRangeX="No" AlignRangeY="No" AlignRangeZ="No" PreserveGridPositions="No" MAgic="No" Mode="0" Action="Pool Default"/>
        </Cue>
        <Cue Name="CueZero" No="0">
            <Part Guid="78 CD 19 9B 20 60 4F D3 B0 F9 0D 6F 74 EB 0D 33" AlignRangeX="No" AlignRangeY="No" AlignRangeZ="No" PreserveGridPositions="No" MAgic="No" Mode="0" Action="Pool Default"/>
        </Cue>
        <Cue Name="buildup" No="1" AllowDuplicates="">
            <Part Name="buildup" Guid="D5 33 98 EB 49 C7 45 1D A7 E0 8D CD F3 DC 2A 5F" AlignRangeX="No" AlignRangeY="No" AlignRangeZ="No" PreserveGridPositions="No" MAgic="No" Mode="0" Action="Pool Default" Sync="" Morph="" CueInFade="0"/>
        </Cue>
        <Cue Name="drop" No="2" AllowDuplicates="">
            <Part Name="drop" Guid="DB BA 39 92 EE E9 40 32 A4 95 BA 0E 3E 3D 2A 2E" AlignRangeX="No" AlignRangeY="No" AlignRangeZ="No" PreserveGridPositions="No" MAgic="No" Mode="0" Action="Pool Default" Sync="" Morph="" CueInFade="0"/>
        </Cue>
        <Cue Name="drop_1" No="3" AllowDuplicates="">
            <Part Name="drop_1" Guid="51 B1 0D 59 30 A5 40 63 91 85 A2 9A 83 9B 4B 3E" AlignRangeX="No" AlignRangeY="No" AlignRangeZ="No" PreserveGridPositions="No" MAgic="No" Mode="0" Action="Pool Default" Sync="" Morph="" CueInFade="0"/>
        </Cue>
        <Cue Name="drop_2" No="4" AllowDuplicates="">
            <Part Name="drop_2" Guid="93 EF 6B 01 3F 71 46 0C 84 10 5A 44 1E EF E2 1F" AlignRangeX="No" AlignRangeY="No" AlignRangeZ="No" PreserveGridPositions="No" MAgic="No" Mode="0" Action="Pool Default" Sync="" Morph="" CueInFade="0"/>
        </Cue>
        <Cue Name="drop_3" No="5" AllowDuplicates="">
            <Part Name="drop_3" Guid="EE 2B 04 7C 2A 73 4F CE B3 04 49 11 CB FE 46 EE" AlignRangeX="No" AlignRangeY="No" AlignRangeZ="No" PreserveGridPositions="No" MAgic="No" Mode="0" Action="Pool Default" Sync="" Morph="" CueInFade="0"/>
        </Cue>
    </Sequence>
    <Sequence Name="Additional" Guid="7E FD C0 CF 0A 23 40 F1 B5 36 E4 7F 6B E9 0A D1" Appearance="" AutoStart="Yes" AutoStop="Yes" AutoFix="No" AutoStomp="No" SoftLTP="Yes" XFadeReload="No" SwapProtect="No" KillProtect="No" UseExecutorTime="Yes" OffwhenOverridden="Yes" SequMIB="Enabled" AutoPrePos="No" WrapAround="Yes" MasterGoMode="None" SpeedfromRate="No" Tracking="Yes" IncludeLinkLastGo="Yes" RateScale="One" SpeedScale="One" PreferCueAppearance="No" ExecutorDisplayMode="Both" Action="Toggle">
        <Cue Name="OffCue" Release="Yes" Assert="Assert" AllowDuplicates="" TrigType="">
            <Part Guid="CF 33 20 83 2C C9 4B 25 8F BC 88 72 EC BE EA 13" AlignRangeX="No" AlignRangeY="No" AlignRangeZ="No" PreserveGridPositions="No" MAgic="No" Mode="0" Action="Pool Default"/>
        </Cue>
        <Cue Name="CueZero" No="0">
            <Part Guid="E0 90 AD 58 16 A1 48 71 B0 1D C4 B9 5D 5D 87 F3" AlignRangeX="No" AlignRangeY="No" AlignRangeZ="No" PreserveGridPositions="No" MAgic="No" Mode="0" Action="Pool Default"/>
        </Cue>
        <Cue Name="teppich" No="1" AllowDuplicates="">
            <Part Name="teppich" Guid="CC 29 31 0D E8 9C 44 4B 86 13 6F A7 F6 F9 79 51" AlignRangeX="No" AlignRangeY="No" AlignRangeZ="No" PreserveGridPositions="No" MAgic="No" Mode="0" Action="Pool Default" Sync="" Morph="" CueInFade="0"/>
        </Cue>
        <Cue Name="teppich_1" No="2" AllowDuplicates="">
            <Part Name="teppich_1" Guid="AF CC 96 8C C6 8E 49 12 8B D1 F2 C6 B8 BF 8F 93" AlignRangeX="No" AlignRangeY="No" AlignRangeZ="No" PreserveGridPositions="No" MAgic="No" Mode="0" Action="Pool Default" Sync="" Morph="" CueInFade="0"/>
        </Cue>
        <Cue Name="teppich_2" No="3" AllowDuplicates="">
            <Part Name="teppich_2" Guid="0D 57 07 2C 47 AA 4C A7 A5 1C ED 19 E8 0F B1 5A" AlignRangeX="No" AlignRangeY="No" AlignRangeZ="No" PreserveGridPositions="No" MAgic="No" Mode="0" Action="Pool Default" Sync="" Morph="" CueInFade="0"/>
        </Cue>
        <Cue Name="buildup" No="4" AllowDuplicates="">
            <Part Name="buildup" Guid="52 55 BA 5F 01 D3 4E 82 89 ED 52 DA 8F 44 3F A6" AlignRangeX="No" AlignRangeY="No" AlignRangeZ="No" PreserveGridPositions="No" MAgic="No" Mode="0" Action="Pool Default" Sync="" Morph="" CueInFade="0"/>
        </Cue>
        <Cue Name="buildup_1" No="5" AllowDuplicates="">
            <Part Name="buildup_1" Guid="27 72 13 5E 76 99 4E 5A 9D 8F 05 4F C7 7F FE DE" AlignRangeX="No" AlignRangeY="No" AlignRangeZ="No" PreserveGridPositions="No" MAgic="No" Mode="0" Action="Pool Default" Sync="" Morph="" CueInFade="0"/>
        </Cue>
    </Sequence>
    <Sequence Name="Neuer_Stack" Guid="21 68 2F 87 24 29 4E BE 94 ED 8F 58 93 34 31 57" Appearance="TC_Color_ff0000" AutoStart="Yes" AutoStop="Yes" AutoFix="No" AutoStomp="No" SoftLTP="Yes" XFadeReload="No" SwapProtect="No" KillProtect="No" UseExecutorTime="Yes" OffwhenOverridden="Yes" SequMIB="Enabled" AutoPrePos="No" WrapAround="Yes" MasterGoMode="None" SpeedfromRate="No" Tracking="Yes" IncludeLinkLastGo="Yes" RateScale="One" SpeedScale="One" PreferCueAppearance="No" ExecutorDisplayMode="Both" Action="Toggle">
        <DependencyExport Size="1">
            <Dependency RelAddr="ShowData.Appearances.TC_Color_ff0000">
                <Appearance Name="TC_Color_ff0000" Guid="B5 F4 6D 1A 00 B2 4A 6F A5 E1 94 8F 8B 2F 45 27" Color="1.0000000000,1.0000000000,1.0000000000,1.0000000000" BackR="255" BackG="0" BackB="0" BackAlpha="255"/>
            </Dependency>
        </DependencyExport>
        <Cue Name="OffCue" Release="Yes" Assert="Assert" AllowDuplicates="" TrigType="">
            <Part Guid="10 43 EB 73 99 4D 43 A9 BA C1 01 8F 08 DA 31 2A" AlignRangeX="No" AlignRangeY="No" AlignRangeZ="No" PreserveGridPositions="No" MAgic="No" Mode="0" Action="Pool Default"/>
        </Cue>
        <Cue Name="CueZero" No="0">
            <Part Guid="97 E7 73 CC 95 07 4A F4 A3 20 97 A4 73 EE 40 26" AlignRangeX="No" AlignRangeY="No" AlignRangeZ="No" PreserveGridPositions="No" MAgic="No" Mode="0" Action="Pool Default"/>
        </Cue>
        <Cue Name="teppich" No="1" AllowDuplicates="">
            <Part Name="teppich" Guid="13 FC F6 86 77 AC 4A 9A 86 CC 20 E0 DD 81 82 65" AlignRangeX="No" AlignRangeY="No" AlignRangeZ="No" PreserveGridPositions="No" MAgic="No" Mode="0" Action="Pool Default" Sync="" Morph="" CueInFade="0"/>
        </Cue>
        <Cue Name="teppich_1" No="2" AllowDuplicates="">
            <Part Name="teppich_1" Guid="29 1A A6 CD 2D EB 45 A4 BC 70 7B 6B 07 E6 B4 E0" AlignRangeX="No" AlignRangeY="No" AlignRangeZ="No" PreserveGridPositions="No" MAgic="No" Mode="0" Action="Pool Default" Sync="" Morph="" CueInFade="0"/>
        </Cue>
        <Cue Name="teppich_2" No="3" AllowDuplicates="">
            <Part Name="teppich_2" Guid="4B 50 E1 0D 30 14 43 F8 AA D0 88 0E 0A DA E9 B0" AlignRangeX="No" AlignRangeY="No" AlignRangeZ="No" PreserveGridPositions="No" MAgic="No" Mode="0" Action="Pool Default" Sync="" Morph="" CueInFade="0"/>
        </Cue>
        <Cue Name="buildup" No="4" AllowDuplicates="">
            <Part Name="buildup" Guid="D7 56 AB 91 97 68 46 35 A2 DF 1A A9 12 86 8B 88" AlignRangeX="No" AlignRangeY="No" AlignRangeZ="No" PreserveGridPositions="No" MAgic="No" Mode="0" Action="Pool Default" Sync="" Morph="" CueInFade="0"/>
        </Cue>
        <Cue Name="buildup_1" No="5" AllowDuplicates="">
            <Part Name="buildup_1" Guid="00 C0 83 A7 4E 52 42 84 95 F4 60 DF 33 9A A9 27" AlignRangeX="No" AlignRangeY="No" AlignRangeZ="No" PreserveGridPositions="No" MAgic="No" Mode="0" Action="Pool Default" Sync="" Morph="" CueInFade="0"/>
        </Cue>
        <Cue Name="buildup_2" No="6" AllowDuplicates="">
            <Part Name="buildup_2" Guid="5C C6 E8 4C 0C 41 4B A3 B2 C6 7D 16 78 98 0C 9C" AlignRangeX="No" AlignRangeY="No" AlignRangeZ="No" PreserveGridPositions="No" MAgic="No" Mode="0" Action="Pool Default" Sync="" Morph="" CueInFade="0"/>
        </Cue>
        <Cue Name="drop" No="7" AllowDuplicates="">
            <Part Name="drop" Guid="BC FF 0A 86 A5 A2 46 7A B2 32 4C F2 E4 C2 66 22" AlignRangeX="No" AlignRangeY="No" AlignRangeZ="No" PreserveGridPositions="No" MAgic="No" Mode="0" Action="Pool Default" Sync="" Morph="" CueInFade="0"/>
        </Cue>
        <Cue Name="drop_1" No="8" AllowDuplicates="">
            <Part Name="drop_1" Guid="51 91 79 0E 06 BE 4A 2E B2 39 B5 00 DD AC 6E EC" AlignRangeX="No" AlignRangeY="No" AlignRangeZ="No" PreserveGridPositions="No" MAgic="No" Mode="0" Action="Pool Default" Sync="" Morph="" CueInFade="0"/>
        </Cue>
        <Cue Name="drop_2" No="9" AllowDuplicates="">
            <Part Name="drop_2" Guid="F6 36 1F 4E 1C 42 41 DA B5 54 97 BC 98 6B 39 DD" AlignRangeX="No" AlignRangeY="No" AlignRangeZ="No" PreserveGridPositions="No" MAgic="No" Mode="0" Action="Pool Default" Sync="" Morph="" CueInFade="0"/>
        </Cue>
        <Cue Name="drop_3" No="10" AllowDuplicates="">
            <Part Name="drop_3" Guid="51 36 F4 FB 49 2D 46 3D A3 AC C3 34 D0 A3 FC 1F" AlignRangeX="No" AlignRangeY="No" AlignRangeZ="No" PreserveGridPositions="No" MAgic="No" Mode="0" Action="Pool Default" Sync="" Morph="" CueInFade="0"/>
        </Cue>
    </Sequence>
</GMA3>
