<?xml version="1.0" encoding="UTF-8"?>
<GMA3 DataVersion="2.3.1.1">
    <Sequence Name="Test_heute" Guid="14 C1 CB 6F 80 89 40 9D 8A 38 F8 26 C7 FC 39 F0" Appearance="TC_Color_674113" AutoStart="Yes" AutoStop="Yes" AutoFix="No" AutoStomp="No" SoftLTP="Yes" XFadeReload="No" SwapProtect="No" KillProtect="No" UseExecutorTime="Yes" OffwhenOverridden="Yes" SequMIB="Enabled" AutoPrePos="No" WrapAround="Yes" MasterGoMode="None" SpeedfromRate="No" Tracking="Yes" IncludeLinkLastGo="Yes" RateScale="One" SpeedScale="One" PreferCueAppearance="No" ExecutorDisplayMode="Both" Action="Toggle">
        <DependencyExport Size="1">
            <Dependency RelAddr="ShowData.Appearances.TC_Color_674113">
                <Appearance Name="TC_Color_674113" Guid="56 53 DB 43 55 8F 48 B5 B1 88 CA 38 0C 68 F0 C5" Color="1.0000000000,1.0000000000,1.0000000000,1.0000000000" BackR="103" BackG="65" BackB="19" BackAlpha="255"/>
            </Dependency>
        </DependencyExport>
        <Cue Name="OffCue" Release="Yes" Assert="Assert" AllowDuplicates="" TrigType="">
            <Part Guid="B7 4F 0F 6E 2B 36 42 3D 8F 19 52 45 30 2F BE A2" AlignRangeX="No" AlignRangeY="No" AlignRangeZ="No" PreserveGridPositions="No" MAgic="No" Mode="0" Action="Pool Default"/>
        </Cue>
        <Cue Name="CueZero" No="0">
            <Part Guid="E8 E6 CD 08 65 7B 4B F5 95 4F 36 B3 3C 6B CE A1" AlignRangeX="No" AlignRangeY="No" AlignRangeZ="No" PreserveGridPositions="No" MAgic="No" Mode="0" Action="Pool Default"/>
        </Cue>
        <Cue Name="ein" No="1" AllowDuplicates="">
            <Part Name="ein" Guid="48 60 9A 33 EC 79 4D 8E A8 9B 9A 7D DD 72 9D 3B" AlignRangeX="No" AlignRangeY="No" AlignRangeZ="No" PreserveGridPositions="No" MAgic="No" Mode="0" Action="Pool Default" Sync="" Morph="" CueInFade="2"/>
        </Cue>
        <Cue Name="zweiÜ" No="2" AllowDuplicates="">
            <Part Name="zweiÜ" Guid="D1 07 3C 4B EA 30 44 C2 B7 0B E5 D6 52 0D 7E 09" AlignRangeX="No" AlignRangeY="No" AlignRangeZ="No" PreserveGridPositions="No" MAgic="No" Mode="0" Action="Pool Default" Sync="" Morph="" CueInFade="2"/>
        </Cue>
        <Cue Name="Drei ÄÜÖ" No="3" AllowDuplicates="">
            <Part Name="Drei ÄÜÖ" Guid="C6 67 7A 1D 02 4B 40 23 88 1B 90 7C 66 79 E5 58" AlignRangeX="No" AlignRangeY="No" AlignRangeZ="No" PreserveGridPositions="No" MAgic="No" Mode="0" Action="Pool Default" Sync="" Morph="" CueInFade="2"/>
        </Cue>
        <Cue Name="ruhe1" No="4" AllowDuplicates="">
            <Part Name="ruhe1" Guid="6C F6 EA 75 17 7C 49 31 BF 2D 99 DD A2 63 54 4F" AlignRangeX="No" AlignRangeY="No" AlignRangeZ="No" PreserveGridPositions="No" MAgic="No" Mode="0" Action="Pool Default" Sync="" Morph="" CueInFade="0"/>
        </Cue>
        <Cue Name="ruhe2" No="5" AllowDuplicates="">
            <Part Name="ruhe2" Guid="2E 46 AD 7F 0D 88 4A 1A 89 5A 9F A2 94 80 4A C8" AlignRangeX="No" AlignRangeY="No" AlignRangeZ="No" PreserveGridPositions="No" MAgic="No" Mode="0" Action="Pool Default" Sync="" Morph="" CueInFade="0"/>
        </Cue>
        <Cue Name="ruhe3" No="6" AllowDuplicates="">
            <Part Name="ruhe3" Guid="2A 34 7F C5 40 2F 42 BF 83 A1 12 52 C9 A9 49 E9" AlignRangeX="No" AlignRangeY="No" AlignRangeZ="No" PreserveGridPositions="No" MAgic="No" Mode="0" Action="Pool Default" Sync="" Morph="" CueInFade="0"/>
        </Cue>
        <Cue Name="ruhe4" No="7" AllowDuplicates="">
            <Part Name="ruhe4" Guid="32 30 E3 2A 9E 60 4C 3B A9 C4 82 96 7B B5 1C 5D" AlignRangeX="No" AlignRangeY="No" AlignRangeZ="No" PreserveGridPositions="No" MAgic="No" Mode="0" Action="Pool Default" Sync="" Morph="" CueInFade="0"/>
        </Cue>
        <Cue Name="Teppich1" No="8" AllowDuplicates="">
            <Part Name="Teppich1" Guid="EA 1E E5 5B 99 6B 4E BE 85 98 4D 05 14 32 81 82" AlignRangeX="No" AlignRangeY="No" AlignRangeZ="No" PreserveGridPositions="No" MAgic="No" Mode="0" Action="Pool Default" Sync="" Morph="" CueInFade="0"/>
        </Cue>
        <Cue Name="Teppich2" No="9" AllowDuplicates="">
            <Part Name="Teppich2" Guid="21 02 E7 7A EB 36 47 04 B2 26 47 F5 BA AA 20 6D" AlignRangeX="No" AlignRangeY="No" AlignRangeZ="No" PreserveGridPositions="No" MAgic="No" Mode="0" Action="Pool Default" Sync="" Morph="" CueInFade="0"/>
        </Cue>
        <Cue Name="Teppich3" No="10" AllowDuplicates="">
            <Part Name="Teppich3" Guid="2B C4 B3 11 3E C1 4C 60 99 68 1E 3B B2 4A FF 58" AlignRangeX="No" AlignRangeY="No" AlignRangeZ="No" PreserveGridPositions="No" MAgic="No" Mode="0" Action="Pool Default" Sync="" Morph="" CueInFade="0"/>
        </Cue>
        <Cue Name="Teppich4" No="11" AllowDuplicates="">
            <Part Name="Teppich4" Guid="36 B0 DE 2E 80 02 4F 2D BC 86 E9 D6 0D 4E 65 29" AlignRangeX="No" AlignRangeY="No" AlignRangeZ="No" PreserveGridPositions="No" MAgic="No" Mode="0" Action="Pool Default" Sync="" Morph="" CueInFade="0"/>
        </Cue>
        <Cue Name="Teppich5" No="12" AllowDuplicates="">
            <Part Name="Teppich5" Guid="72 DE 5F 00 FF 41 43 89 93 90 74 CF B4 4E E2 8E" AlignRangeX="No" AlignRangeY="No" AlignRangeZ="No" PreserveGridPositions="No" MAgic="No" Mode="0" Action="Pool Default" Sync="" Morph="" CueInFade="0"/>
        </Cue>
        <Cue Name="Teppich6" No="13" AllowDuplicates="">
            <Part Name="Teppich6" Guid="E5 53 9B 5C 23 1A 45 30 9C F3 12 59 DA 74 F3 E8" AlignRangeX="No" AlignRangeY="No" AlignRangeZ="No" PreserveGridPositions="No" MAgic="No" Mode="0" Action="Pool Default" Sync="" Morph="" CueInFade="0"/>
        </Cue>
        <Cue Name="Teppich7" No="14" AllowDuplicates="">
            <Part Name="Teppich7" Guid="4C 90 27 B5 F4 86 4B 75 8A 5A 50 1E 9C 67 94 0C" AlignRangeX="No" AlignRangeY="No" AlignRangeZ="No" PreserveGridPositions="No" MAgic="No" Mode="0" Action="Pool Default" Sync="" Morph="" CueInFade="0"/>
        </Cue>
        <Cue Name="Teppich8" No="15" AllowDuplicates="">
            <Part Name="Teppich8" Guid="C1 F2 B1 B5 2D 28 48 2E 89 8D A3 F9 F3 29 52 FB" AlignRangeX="No" AlignRangeY="No" AlignRangeZ="No" PreserveGridPositions="No" MAgic="No" Mode="0" Action="Pool Default" Sync="" Morph="" CueInFade="0"/>
        </Cue>
        <Cue Name="Teppich9" No="16" AllowDuplicates="">
            <Part Name="Teppich9" Guid="F1 F2 EB 7B 2F C8 4E 48 93 AB 8A 7D 86 F5 80 16" AlignRangeX="No" AlignRangeY="No" AlignRangeZ="No" PreserveGridPositions="No" MAgic="No" Mode="0" Action="Pool Default" Sync="" Morph="" CueInFade="0"/>
        </Cue>
        <Cue Name="Teppich11" No="17" AllowDuplicates="">
            <Part Name="Teppich11" Guid="DF FB 17 E7 23 1E 4E 3B 92 D7 9B F5 E0 BD 75 43" AlignRangeX="No" AlignRangeY="No" AlignRangeZ="No" PreserveGridPositions="No" MAgic="No" Mode="0" Action="Pool Default" Sync="" Morph="" CueInFade="0"/>
        </Cue>
        <Cue Name="Teppich12" No="18" AllowDuplicates="">
            <Part Name="Teppich12" Guid="9C B6 84 74 BB 4C 4F 3F AD 75 8B 1C 86 16 27 A0" AlignRangeX="No" AlignRangeY="No" AlignRangeZ="No" PreserveGridPositions="No" MAgic="No" Mode="0" Action="Pool Default" Sync="" Morph="" CueInFade="0"/>
        </Cue>
        <Cue Name="Teppich13" No="19" AllowDuplicates="">
            <Part Name="Teppich13" Guid="5D D0 74 6A B2 A7 45 6A 94 94 9B 31 E2 ED D6 60" AlignRangeX="No" AlignRangeY="No" AlignRangeZ="No" PreserveGridPositions="No" MAgic="No" Mode="0" Action="Pool Default" Sync="" Morph="" CueInFade="0"/>
        </Cue>
        <Cue Name="Teppich14" No="20" AllowDuplicates="">
            <Part Name="Teppich14" Guid="D0 81 FD 07 F4 9B 4F D2 89 36 7D C7 5D 9E B6 B1" AlignRangeX="No" AlignRangeY="No" AlignRangeZ="No" PreserveGridPositions="No" MAgic="No" Mode="0" Action="Pool Default" Sync="" Morph="" CueInFade="0"/>
        </Cue>
        <Cue Name="Teppich15" No="21" AllowDuplicates="">
            <Part Name="Teppich15" Guid="5B 99 75 31 38 C0 4C 31 A4 FE 06 EE 14 24 0E AB" AlignRangeX="No" AlignRangeY="No" AlignRangeZ="No" PreserveGridPositions="No" MAgic="No" Mode="0" Action="Pool Default" Sync="" Morph="" CueInFade="0"/>
        </Cue>
        <Cue Name="Teppich16" No="22" AllowDuplicates="">
            <Part Name="Teppich16" Guid="1B 40 71 6D 21 73 4D C1 AF 55 EF 9A 23 DB 06 8D" AlignRangeX="No" AlignRangeY="No" AlignRangeZ="No" PreserveGridPositions="No" MAgic="No" Mode="0" Action="Pool Default" Sync="" Morph="" CueInFade="0"/>
        </Cue>
        <Cue Name="buildUp1" No="23" AllowDuplicates="">
            <Part Name="buildUp1" Guid="26 0B C7 4F 8C 1F 43 51 8C 18 14 64 7A 63 60 72" AlignRangeX="No" AlignRangeY="No" AlignRangeZ="No" PreserveGridPositions="No" MAgic="No" Mode="0" Action="Pool Default" Sync="" Morph="" CueInFade="0"/>
        </Cue>
        <Cue Name="buildUp2" No="24" AllowDuplicates="">
            <Part Name="buildUp2" Guid="98 99 D0 C1 E9 21 44 47 88 98 4B 64 6D 53 18 E7" AlignRangeX="No" AlignRangeY="No" AlignRangeZ="No" PreserveGridPositions="No" MAgic="No" Mode="0" Action="Pool Default" Sync="" Morph="" CueInFade="0"/>
        </Cue>
        <Cue Name="buildUp3" No="25" AllowDuplicates="">
            <Part Name="buildUp3" Guid="87 16 0F D5 3C E7 48 A2 A5 99 D5 69 29 C1 B2 2F" AlignRangeX="No" AlignRangeY="No" AlignRangeZ="No" PreserveGridPositions="No" MAgic="No" Mode="0" Action="Pool Default" Sync="" Morph="" CueInFade="0"/>
        </Cue>
        <Cue Name="buildUp4" No="26" AllowDuplicates="">
            <Part Name="buildUp4" Guid="70 41 AB 56 39 6A 4B 0C A3 D6 13 42 12 7E D6 7E" AlignRangeX="No" AlignRangeY="No" AlignRangeZ="No" PreserveGridPositions="No" MAgic="No" Mode="0" Action="Pool Default" Sync="" Morph="" CueInFade="0"/>
        </Cue>
        <Cue Name="buildUp5" No="27" AllowDuplicates="">
            <Part Name="buildUp5" Guid="B7 ED 9A F7 F8 6F 46 AC AB DF FA 5C 9E CD 12 32" AlignRangeX="No" AlignRangeY="No" AlignRangeZ="No" PreserveGridPositions="No" MAgic="No" Mode="0" Action="Pool Default" Sync="" Morph="" CueInFade="0"/>
        </Cue>
        <Cue Name="buildUp6" No="28" AllowDuplicates="">
            <Part Name="buildUp6" Guid="AB EC D5 EA C6 86 4E 3E BD 8D 95 27 B3 32 B0 F1" AlignRangeX="No" AlignRangeY="No" AlignRangeZ="No" PreserveGridPositions="No" MAgic="No" Mode="0" Action="Pool Default" Sync="" Morph="" CueInFade="0"/>
        </Cue>
        <Cue Name="buildUp7" No="29" AllowDuplicates="">
            <Part Name="buildUp7" Guid="65 D9 B4 E9 26 77 4F 3C 9E 8F EC DD 3A 7B 0D E0" AlignRangeX="No" AlignRangeY="No" AlignRangeZ="No" PreserveGridPositions="No" MAgic="No" Mode="0" Action="Pool Default" Sync="" Morph="" CueInFade="0"/>
        </Cue>
        <Cue Name="buildUp8" No="30" AllowDuplicates="">
            <Part Name="buildUp8" Guid="48 3B BB 0D D3 44 49 08 A3 36 DD EB CD 16 5A FD" AlignRangeX="No" AlignRangeY="No" AlignRangeZ="No" PreserveGridPositions="No" MAgic="No" Mode="0" Action="Pool Default" Sync="" Morph="" CueInFade="0"/>
        </Cue>
        <Cue Name="buildUp9" No="31" AllowDuplicates="">
            <Part Name="buildUp9" Guid="06 9A 02 85 98 D9 46 23 A8 2D 85 49 6F D4 7C 0B" AlignRangeX="No" AlignRangeY="No" AlignRangeZ="No" PreserveGridPositions="No" MAgic="No" Mode="0" Action="Pool Default" Sync="" Morph="" CueInFade="0"/>
        </Cue>
        <Cue Name="buildUp21" No="32" AllowDuplicates="">
            <Part Name="buildUp21" Guid="26 8F 1E 46 80 38 4F 75 BC 19 F2 89 39 91 0F 30" AlignRangeX="No" AlignRangeY="No" AlignRangeZ="No" PreserveGridPositions="No" MAgic="No" Mode="0" Action="Pool Default" Sync="" Morph="" CueInFade="0"/>
        </Cue>
        <Cue Name="buildU22" No="33" AllowDuplicates="">
            <Part Name="buildU22" Guid="EA 1B 93 2B 17 D9 4C 69 88 D9 39 97 D7 50 86 7B" AlignRangeX="No" AlignRangeY="No" AlignRangeZ="No" PreserveGridPositions="No" MAgic="No" Mode="0" Action="Pool Default" Sync="" Morph="" CueInFade="0"/>
        </Cue>
        <Cue Name="buildUp23" No="34" AllowDuplicates="">
            <Part Name="buildUp23" Guid="A9 23 9F 8C 96 DD 47 CB AC 24 0E DA 8F 0C 47 69" AlignRangeX="No" AlignRangeY="No" AlignRangeZ="No" PreserveGridPositions="No" MAgic="No" Mode="0" Action="Pool Default" Sync="" Morph="" CueInFade="0"/>
        </Cue>
        <Cue Name="buildUp24" No="35" AllowDuplicates="">
            <Part Name="buildUp24" Guid="61 2C 8B B1 60 EF 4B A5 BB 1B E0 0D 62 36 15 F0" AlignRangeX="No" AlignRangeY="No" AlignRangeZ="No" PreserveGridPositions="No" MAgic="No" Mode="0" Action="Pool Default" Sync="" Morph="" CueInFade="0"/>
        </Cue>
        <Cue Name="buildUp25" No="36" AllowDuplicates="">
            <Part Name="buildUp25" Guid="93 37 1E EE BD B6 4E AF 9B 75 F0 B6 A0 E1 3A 11" AlignRangeX="No" AlignRangeY="No" AlignRangeZ="No" PreserveGridPositions="No" MAgic="No" Mode="0" Action="Pool Default" Sync="" Morph="" CueInFade="0"/>
        </Cue>
        <Cue Name="buildUp26" No="37" AllowDuplicates="">
            <Part Name="buildUp26" Guid="56 82 A2 D9 DF CE 49 5E AA 88 94 78 4A FC 51 18" AlignRangeX="No" AlignRangeY="No" AlignRangeZ="No" PreserveGridPositions="No" MAgic="No" Mode="0" Action="Pool Default" Sync="" Morph="" CueInFade="0"/>
        </Cue>
        <Cue Name="buildUp27" No="38" AllowDuplicates="">
            <Part Name="buildUp27" Guid="F6 2C 6A 5F 86 28 40 28 8E 74 22 F6 27 95 A2 0F" AlignRangeX="No" AlignRangeY="No" AlignRangeZ="No" PreserveGridPositions="No" MAgic="No" Mode="0" Action="Pool Default" Sync="" Morph="" CueInFade="0"/>
        </Cue>
        <Cue Name="buildUp28" No="39" AllowDuplicates="">
            <Part Name="buildUp28" Guid="F8 CD D8 64 ED 42 49 9D A5 44 CE 13 CC 16 EC AF" AlignRangeX="No" AlignRangeY="No" AlignRangeZ="No" PreserveGridPositions="No" MAgic="No" Mode="0" Action="Pool Default" Sync="" Morph="" CueInFade="0"/>
        </Cue>
        <Cue Name="buildUp29" No="40" AllowDuplicates="">
            <Part Name="buildUp29" Guid="F1 70 72 8B E9 2F 4D 0F 8E F2 47 21 97 2E B2 71" AlignRangeX="No" AlignRangeY="No" AlignRangeZ="No" PreserveGridPositions="No" MAgic="No" Mode="0" Action="Pool Default" Sync="" Morph="" CueInFade="0"/>
        </Cue>
        <Cue Name="buildUp31" No="41" AllowDuplicates="">
            <Part Name="buildUp31" Guid="C4 93 68 1D D1 C8 4D DC 93 4F 78 EA 27 95 A8 35" AlignRangeX="No" AlignRangeY="No" AlignRangeZ="No" PreserveGridPositions="No" MAgic="No" Mode="0" Action="Pool Default" Sync="" Morph="" CueInFade="0"/>
        </Cue>
        <Cue Name="buildUp32" No="42" AllowDuplicates="">
            <Part Name="buildUp32" Guid="0D FB CA 18 76 B5 41 6D A4 EF 70 20 69 24 3B 02" AlignRangeX="No" AlignRangeY="No" AlignRangeZ="No" PreserveGridPositions="No" MAgic="No" Mode="0" Action="Pool Default" Sync="" Morph="" CueInFade="0"/>
        </Cue>
        <Cue Name="buildUp33" No="43" AllowDuplicates="">
            <Part Name="buildUp33" Guid="B3 16 D6 29 D9 8F 40 0D 9A BA 5F 52 83 72 B0 52" AlignRangeX="No" AlignRangeY="No" AlignRangeZ="No" PreserveGridPositions="No" MAgic="No" Mode="0" Action="Pool Default" Sync="" Morph="" CueInFade="0"/>
        </Cue>
        <Cue Name="buildUp34" No="44" AllowDuplicates="">
            <Part Name="buildUp34" Guid="D7 63 DC BE 1A F0 45 33 80 22 07 DF 09 2E 1D 06" AlignRangeX="No" AlignRangeY="No" AlignRangeZ="No" PreserveGridPositions="No" MAgic="No" Mode="0" Action="Pool Default" Sync="" Morph="" CueInFade="0"/>
        </Cue>
        <Cue Name="buildUp35" No="45" AllowDuplicates="">
            <Part Name="buildUp35" Guid="0A 0B 27 0C 2C 1C 45 57 B7 E0 98 B3 C6 44 84 65" AlignRangeX="No" AlignRangeY="No" AlignRangeZ="No" PreserveGridPositions="No" MAgic="No" Mode="0" Action="Pool Default" Sync="" Morph="" CueInFade="0"/>
        </Cue>
        <Cue Name="buildUp36" No="46" AllowDuplicates="">
            <Part Name="buildUp36" Guid="C3 FE F1 4B 63 2E 4E AF BD 64 8C 1D 73 91 92 45" AlignRangeX="No" AlignRangeY="No" AlignRangeZ="No" PreserveGridPositions="No" MAgic="No" Mode="0" Action="Pool Default" Sync="" Morph="" CueInFade="0"/>
        </Cue>
        <Cue Name="drop37" No="47" AllowDuplicates="">
            <Part Name="drop37" Guid="41 90 34 69 11 22 41 5E 96 17 F2 B9 2C 89 9B 52" AlignRangeX="No" AlignRangeY="No" AlignRangeZ="No" PreserveGridPositions="No" MAgic="No" Mode="0" Action="Pool Default" Sync="" Morph="" CueInFade="0"/>
        </Cue>
        <Cue Name="drop38" No="48" AllowDuplicates="">
            <Part Name="drop38" Guid="5A 8C 41 30 D2 76 44 7A B2 11 A4 B9 5F 7E 33 6C" AlignRangeX="No" AlignRangeY="No" AlignRangeZ="No" PreserveGridPositions="No" MAgic="No" Mode="0" Action="Pool Default" Sync="" Morph="" CueInFade="0"/>
        </Cue>
        <Cue Name="drop" No="49" AllowDuplicates="">
            <Part Name="drop" Guid="E3 61 A8 FF 85 AF 4D 6E 9F 2F DD 92 B5 96 16 DE" AlignRangeX="No" AlignRangeY="No" AlignRangeZ="No" PreserveGridPositions="No" MAgic="No" Mode="0" Action="Pool Default" Sync="" Morph="" CueInFade="0"/>
        </Cue>
        <Cue Name="drop39" No="50" AllowDuplicates="">
            <Part Name="drop39" Guid="07 FF E9 BF 60 A1 4C 73 A5 8D 5E 72 FC 59 AF 0A" AlignRangeX="No" AlignRangeY="No" AlignRangeZ="No" PreserveGridPositions="No" MAgic="No" Mode="0" Action="Pool Default" Sync="" Morph="" CueInFade="0"/>
        </Cue>
        <Cue Name="drop41" No="51" AllowDuplicates="">
            <Part Name="drop41" Guid="57 7A 37 76 59 F0 43 F1 B5 E3 A4 CC 28 FF 1C A9" AlignRangeX="No" AlignRangeY="No" AlignRangeZ="No" PreserveGridPositions="No" MAgic="No" Mode="0" Action="Pool Default" Sync="" Morph="" CueInFade="0"/>
        </Cue>
        <Cue Name="drop42" No="52" AllowDuplicates="">
            <Part Name="drop42" Guid="C9 B2 CE 1D 39 3A 40 76 BE 7A C0 0C 77 CC 2B 9F" AlignRangeX="No" AlignRangeY="No" AlignRangeZ="No" PreserveGridPositions="No" MAgic="No" Mode="0" Action="Pool Default" Sync="" Morph="" CueInFade="0"/>
        </Cue>
        <Cue Name="drop43" No="53" AllowDuplicates="">
            <Part Name="drop43" Guid="CC 2E 74 D5 89 1D 4E 8D B1 1B EE 34 E1 C1 62 74" AlignRangeX="No" AlignRangeY="No" AlignRangeZ="No" PreserveGridPositions="No" MAgic="No" Mode="0" Action="Pool Default" Sync="" Morph="" CueInFade="0"/>
        </Cue>
        <Cue Name="drop44" No="54" AllowDuplicates="">
            <Part Name="drop44" Guid="6E FF 98 C8 82 C8 4C 4B 98 64 68 88 F3 B9 E0 52" AlignRangeX="No" AlignRangeY="No" AlignRangeZ="No" PreserveGridPositions="No" MAgic="No" Mode="0" Action="Pool Default" Sync="" Morph="" CueInFade="0"/>
        </Cue>
        <Cue Name="drop45" No="55" AllowDuplicates="">
            <Part Name="drop45" Guid="C1 3A A7 50 66 20 43 D2 B8 99 71 78 99 8A 2A B9" AlignRangeX="No" AlignRangeY="No" AlignRangeZ="No" PreserveGridPositions="No" MAgic="No" Mode="0" Action="Pool Default" Sync="" Morph="" CueInFade="0"/>
        </Cue>
        <Cue Name="drop46" No="56" AllowDuplicates="">
            <Part Name="drop46" Guid="08 FB 68 5B A6 A9 46 50 A7 5C 90 CE 61 E8 ED 38" AlignRangeX="No" AlignRangeY="No" AlignRangeZ="No" PreserveGridPositions="No" MAgic="No" Mode="0" Action="Pool Default" Sync="" Morph="" CueInFade="0"/>
        </Cue>
    </Sequence>
</GMA3>
